id,ibu
6000,34.5477196752
6001,36.6107375517
6002,22.4927727362
6003,94.0024712121
6004,35.3592065037
6005,15.564742619
6006,43.7682138462
6007,22.8211994722
6008,23.4547123543
6009,27.0321911108
6010,62.4359938654
6011,27.4477041931
6012,23.8905877018
6013,37.012749084
6014,24.012133441
6015,50.5568696564
6016,30.6262652534
6017,25.5622202114
6018,27.9746796338
6019,45.2837810057
6020,70.6863528322
6021,34.4720891106
6022,45.0764904897
6023,31.7246256183
6024,24.6743892819
6025,88.9995434903
6026,26.9047622598
6027,31.8825796248
6028,46.5534141282
6029,33.1384862193
6030,25.5025006345
6031,27.9068457884
6032,14.4597659885
6033,34.1804154131
6034,30.5371869155
6035,52.1688148
6036,56.2090777334
6037,30.7438516449
6038,29.9243758623
6039,36.7885293638
6040,35.1186613152
6041,45.270625262
6042,35.8905252402
6043,44.286587447
6044,24.89851794
6045,19.7371219961
6046,35.4330239909
6047,46.2546188456
6048,23.1416019274
6049,31.6921619269
6050,33.2702565512
6051,24.431886026
6052,25.9772666841
6053,52.9774624055
6054,32.6663337654
6055,32.4711850505
6056,26.9290680286
6057,25.9708654411
6058,40.5128314047
6059,30.1020428766
6060,41.641099667
6061,28.6241928291
6062,26.0686267359
6063,37.6184176747
6064,32.8848048233
6065,29.1274130159
6066,67.1164017046
6067,26.1560218551
6068,49.0617864069
6069,28.1496723799
6070,22.837690621
6071,34.8251541188
6072,28.5957610558
6073,14.2006239014
6074,34.3617852101
6075,27.6378943579
6076,24.1254804467
6077,18.2301948363
6078,53.6808349611
6079,25.63827736
6080,30.7284732225
6081,65.8045605861
6082,60.3681728716
6083,47.9416170403
6084,32.2899589821
6085,11.2523939205
6086,28.5976147414
6087,47.0946209848
6088,29.1447398918
6089,28.9651863663
6090,31.5745831312
6091,34.0268308216
6092,64.3944755339
6093,39.8704843593
6094,50.0677341053
6095,25.1761381402
6096,30.1779351751
6097,26.5551376734
6098,26.6570667677
6099,24.0735615584
6100,28.5729535308
6101,34.8418561939
6102,35.0995751227
6103,29.300338123
6104,45.5199304544
6105,23.0570424979
6106,66.2117880159
6107,39.9574335159
6108,56.5151594736
6109,42.3282567667
6110,66.3761801933
6111,25.326070004
6112,71.4949313534
6113,52.0056405556
6114,81.265652782
6115,42.6201183016
6116,58.6625943535
6117,31.3727013353
6118,44.2462635318
6119,14.7176636724
6120,58.6306476876
6121,33.4881665871
6122,35.9176284371
6123,27.7703215214
6124,74.5404543693
6125,22.5644164628
6126,28.7834787786
6127,84.5151419336
6128,26.5612185238
6129,27.4460122013
6130,35.6925351661
6131,28.6993610693
6132,69.8881176577
6133,80.2172408824
6134,20.9858280935
6135,16.8535365467
6136,39.2651597424
6137,32.1795438176
6138,30.3218820324
6139,21.6816845521
6140,52.1485984507
6141,32.4370903817
6142,40.1354409575
6143,23.7687957675
6144,27.9257887485
6145,38.4837020425
6146,54.798413115
6147,31.7741655088
6148,82.0370644027
6149,26.0596675036
6150,22.2309217806
6151,31.3046521146
6152,29.1189581426
6153,47.632381361
6154,19.9740616772
6155,23.9930029145
6156,69.1236433311
6157,27.5748688697
6158,14.9414511905
6159,75.5195848263
6160,27.4306998893
6161,33.1683534569
6162,28.9664891014
6163,32.2711375342
6164,32.3652268723
6165,64.7925185714
6166,19.3920447186
6167,26.4208699195
6168,25.6112769759
6169,28.130431423
6170,39.9824116667
6171,29.4659172097
6172,49.2581763564
6173,20.0134277778
6174,28.5144300866
6175,13.644856026
6176,65.0975284127
6177,58.1735445774
6178,35.435534296
6179,54.9317880466
6180,34.9445847281
6181,94.1566339755
6182,75.5836764286
6183,64.53731
6184,46.4363438849
6185,57.0621098361
6186,33.6833933275
6187,31.7946881941
6188,55.4909824664
6189,33.6795273745
6190,30.8093872748
6191,24.8822092857
6192,35.7327306508
6193,59.7647485973
6194,31.219487778
6195,51.9754898113
6196,24.6401921676
6197,16.6823945216
6198,25.9564304921
6199,24.5199166328
6200,32.0606669883
6201,69.4650614199
6202,34.1368885503
6203,20.4813730389
6204,28.3693081299
6205,36.8275653106
6206,54.4113637085
6207,88.5439131385
6208,30.1735809617
6209,68.4188468731
6210,27.5347420846
6211,60.2216679335
6212,61.6415728211
6213,27.8227793351
6214,46.0586627655
6215,48.2729056595
6216,15.1141928096
6217,94.106173683
6218,30.6893458975
6219,79.7897635354
6220,21.9867044881
6221,52.9451730736
6222,31.1248763208
6223,32.1427811421
6224,69.6702183117
6225,19.505504263
6226,22.3460559892
6227,25.203100674
6228,17.937682144
6229,31.28638648
6230,66.5605452436
6231,24.7995830191
6232,61.1463346953
6233,58.6740557364
6234,29.8780386746
6235,31.1996420546
6236,55.0022285581
6237,33.9678782245
6238,34.9666371732
6239,50.5231846359
6240,40.9599406575
6241,21.4574096885
6242,34.4883373131
6243,36.1190730496
6244,26.9851758541
6245,23.4243552512
6246,38.0475947619
6247,19.8026100051
6248,41.8273663589
6249,21.3563556611
6250,30.2931999553
6251,38.8210542323
6252,22.2270160504
6253,71.9063639027
6254,38.5649617908
6255,19.7499734343
6256,45.6045671442
6257,50.8678337085
6258,27.773823706
6259,41.1227880001
6260,48.0791321501
6261,21.5017647931
6262,61.0738796947
6263,23.5779134354
6264,25.2404594873
6265,19.7609140443
6266,17.7477641486
6267,26.7335381962
6268,30.1714050977
6269,66.5537559676
6270,64.3049394006
6271,82.3762852423
6272,36.2231410867
6273,70.5367351802
6274,28.9816956618
6275,67.6657493759
6276,46.2260044835
6277,35.0579687913
6278,34.7186239517
6279,34.9288100636
6280,20.1340635009
6281,33.7619913722
6282,26.6495769957
6283,24.1974913549
6284,27.4279355314
6285,30.6531093253
6286,32.7301421696
6287,14.7754024945
6288,33.8210742857
6289,28.435624327
6290,32.4314528343
6291,27.59980886
6292,18.446753157
6293,62.0117110289
6294,30.7622306434
6295,63.1508163492
6296,35.3808994348
6297,87.9017756763
6298,27.0148674609
6299,64.2174971728
6300,26.9316002842
6301,30.8482065945
6302,41.1387608535
6303,26.7963147114
6304,90.3499391574
6305,54.2563464286
6306,37.600162613
6307,71.9126325307
6308,27.8651170407
6309,28.6626425702
6310,69.0105404961
6311,17.5229946167
6312,24.84115505
6313,86.8291753477
6314,88.0359301957
6315,14.9415618831
6316,53.1211523176
6317,63.8352997908
6318,32.8951843921
6319,48.5857614358
6320,17.5659455057
6321,29.3540382641
6322,59.1489994282
6323,40.1608543762
6324,63.0461115079
6325,64.0369727994
6326,31.2822042482
6327,60.195156571
6328,88.5258173009
6329,38.6704127635
6330,43.561348465
6331,32.5220264431
6332,80.08661
6333,61.905100819
6334,30.2920824126
6335,69.819828254
6336,24.3697410656
6337,80.3702933333
6338,33.3112828211
6339,17.9530034992
6340,31.966549842
6341,14.6227425469
6342,62.8587788084
6343,34.5542767152
6344,41.132140469
6345,55.3642687669
6346,69.0383671362
6347,34.4643397848
6348,18.6315435437
6349,28.7878665691
6350,30.5962436172
6351,32.4313629965
6352,19.5010338297
6353,25.8836474038
6354,26.9830299454
6355,19.3311050938
6356,30.1814243748
6357,43.4453848617
6358,83.4215362278
6359,69.9194664652
6360,86.2281009524
6361,30.4232122451
6362,27.5497375845
6363,25.3400226551
6364,69.6932988007
6365,32.1923993104
6366,32.3901627621
6367,26.8832532428
6368,32.8893166053
6369,22.8951391444
6370,26.5730262534
6371,30.9471315245
6372,48.7857889014
6373,41.9015309957
6374,28.4712927986
6375,56.5201937528
6376,32.1193841991
6377,50.932617271
6378,33.1507343283
6379,37.4198447679
6380,42.699276912
6381,69.9770891976
6382,66.9682941197
6383,27.9079622203
6384,21.4428523377
6385,32.7232634921
6386,18.8247650434
6387,23.559840285
6388,21.9008085592
6389,40.7420798432
6390,30.5376546571
6391,40.690165877
6392,41.6336740635
6393,17.7363153262
6394,27.1970707728
6395,33.4374494669
6396,30.4530542671
6397,27.7054782785
6398,61.7536545226
6399,22.7336351569
6400,18.6348062088
6401,28.7984446916
6402,29.1066627167
6403,26.4843191031
6404,46.0672585397
6405,21.0069502272
6406,37.1121843404
6407,34.5325406324
6408,56.7591816291
6409,23.8462470274
6410,37.5769395743
6411,27.839702174
6412,25.0594393188
6413,63.2033741836
6414,19.9753463473
6415,45.9422155518
6416,59.0532095571
6417,22.5328393254
6418,67.8433820549
6419,79.1892953602
6420,54.6557467677
6421,31.1735609768
6422,32.9052950862
6423,25.6253617194
6424,50.8617131796
6425,75.6406658772
6426,70.8132088732
6427,66.9936218742
6428,69.8520570593
6429,32.0815988429
6430,23.4741168759
6431,23.5815269958
6432,59.5478936843
6433,33.0197876614
6434,33.1538035345
6435,38.3776195296
6436,20.6284994055
6437,25.0037560447
6438,25.7768706624
6439,29.5496695522
6440,35.8482264902
6441,31.545332469
6442,28.6069340996
6443,23.7453857992
6444,43.4314176612
6445,31.993686316
6446,30.2197517694
6447,33.2277280375
6448,57.3879409241
6449,22.1715962375
6450,35.4646861015
6451,18.3302116345
6452,30.3466819609
6453,31.6250426401
6454,32.378326375
6455,43.0064749931
6456,23.4398815361
6457,25.9831265592
6458,34.6420518579
6459,39.4142849206
6460,32.8519410024
6461,33.4606011255
6462,24.2367344594
6463,27.2282471717
6464,38.6434156581
6465,22.2892601843
6466,15.7735521587
6467,37.7772279229
6468,21.6924935897
6469,31.7924566058
6470,32.2333142212
6471,66.6739932967
6472,50.5877144444
6473,21.3191157504
6474,20.9320496498
6475,38.6911143938
6476,30.6372160764
6477,57.3603596155
6478,48.7436865224
6479,39.386325746
6480,25.7943128886
6481,42.164692407
6482,34.6456798644
6483,19.5527909426
6484,28.3755891847
6485,21.3569663696
6486,27.9076635401
6487,23.8091122811
6488,73.7330624475
6489,65.2952161328
6490,35.8086715808
6491,35.3589567569
6492,30.1032688901
6493,37.0557142424
6494,16.2978258958
6495,63.6093723096
6496,68.1164396159
6497,39.0874665756
6498,71.0032990476
6499,26.868683615
6500,35.2419189698
6501,41.5093629474
6502,40.0779009399
6503,64.660133844
6504,66.0947366533
6505,49.549704945
6506,21.9741765751
6507,68.747978238
6508,33.9906486508
6509,37.563512381
6510,98.9037910173
6511,36.3556764069
6512,35.3104733276
6513,74.5441555381
6514,25.0811815908
6515,60.1061926717
6516,33.9036566522
6517,33.2688309045
6518,23.1319623829
6519,69.8181107139
6520,54.2844503492
6521,59.5472558533
6522,40.2634673542
6523,77.8626790476
6524,23.0346789204
6525,59.0669778539
6526,35.1490179471
6527,40.9711431691
6528,19.2266568326
6529,30.6091740887
6530,18.3393581391
6531,50.2443426729
6532,36.1533187734
6533,20.5678841792
6534,25.4441801937
6535,22.9754474175
6536,24.6660202968
6537,22.6316413924
6538,61.689373332
6539,42.556635797
6540,53.0195456277
6541,37.506711461
6542,33.0549213911
6543,66.1063267208
6544,39.7533449206
6545,87.1915513866
6546,26.131992541
6547,25.1645155955
6548,32.1393052367
6549,41.2780973016
6550,62.1756765446
6551,52.7138488031
6552,41.0630369243
6553,30.9233844733
6554,31.114450772
6555,33.9708828254
6556,28.7081834343
6557,21.8570074806
6558,29.1350836802
6559,84.908346968
6560,50.959551802
6561,33.6624279502
6562,57.2176025348
6563,66.3037018259
6564,21.533575117
6565,105.588658384
6566,55.1647457481
6567,43.0651266701
6568,53.9461911172
6569,62.0314041631
6570,22.34643122
6571,59.0939459034
6572,87.2746680736
6573,35.2113384185
6574,27.7862442383
6575,19.2935819515
6576,71.3381161865
6577,62.0015031097
6578,83.3183619955
6579,40.872191591
6580,31.7385317042
6581,64.326822169
6582,16.4541809228
6583,47.7228168687
6584,34.0479524971
6585,93.52417403
6586,28.2985231829
6587,33.2275913414
6588,13.329818961
6589,32.4377379394
6590,20.8450645296
6591,56.1481412482
6592,42.9789903441
6593,50.8323890747
6594,44.1013886844
6595,25.4835381084
6596,23.4046762771
6597,27.7831804663
6598,36.4673553578
6599,32.5046263216
6600,34.3803011294
6601,21.7094986223
6602,21.7723838072
6603,37.8014284811
6604,89.0307239016
6605,30.1097577326
6606,31.4191929093
6607,48.8152877778
6608,17.0300907576
6609,28.6056892251
6610,17.9553420294
6611,20.0016559843
6612,56.9391482045
6613,37.4482258297
6614,24.8217256267
6615,26.2747823333
6616,19.6635577411
6617,24.7544532681
6618,39.9302674603
6619,29.9170006165
6620,85.4858617322
6621,18.7367432331
6622,31.9824286531
6623,47.5129629047
6624,26.1590400403
6625,19.3178079683
6626,54.3342392087
6627,26.0520406206
6628,50.8990027106
6629,20.8282486689
6630,25.9418918326
6631,48.9385986291
6632,52.319850092
6633,31.8586873535
6634,63.327787886
6635,80.2138135007
6636,80.6416627994
6637,44.1263003492
6638,28.1897664297
6639,25.4647264652
6640,19.741965232
6641,27.4931556926
6642,21.4613725873
6643,26.104167436
6644,27.7723060834
6645,29.3407475476
6646,62.3033995823
6647,67.4178103811
6648,60.3249718399
6649,44.3736988017
6650,78.8430136926
6651,36.7190161825
6652,32.7682468505
6653,15.5901955123
6654,24.66244496
6655,46.4530602597
6656,46.8255668972
6657,26.5151485354
6658,33.005478961
6659,22.2421066869
6660,33.4487686191
6661,33.0023439105
6662,50.5418164469
6663,40.9671620302
6664,29.8622729681
6665,18.1357887248
6666,65.1253416522
6667,17.1413036895
6668,23.3115871769
6669,92.7839660333
6670,41.8200246743
6671,35.2116914097
6672,25.0790091145
6673,19.2475408263
6674,55.8766655034
6675,32.0545792641
6676,19.3490070286
6677,21.9394076398
6678,20.7333996965
6679,42.7707928351
6680,24.4229380094
6681,27.1974772275
6682,30.3372436955
6683,27.5962247703
6684,59.93228524
6685,90.9974606856
6686,32.5552144811
6687,26.9822365561
6688,13.6041012121
6689,29.0776909807
6690,31.0215508658
6691,31.1267057908
6692,42.8609317624
6693,47.1060052222
6694,32.6546188547
6695,31.8701416566
6696,28.6667738932
6697,27.087720365
6698,66.0551903962
6699,29.892652948
6700,22.5324628805
6701,63.368479025
6702,51.7158786365
6703,52.3078725352
6704,48.6323750084
6705,33.3094514828
6706,20.6393188483
6707,69.9344630519
6708,48.2184551746
6709,37.2091409668
6710,43.8127828788
6711,60.5018167
6712,43.9027182828
6713,26.7483709365
6714,53.2058732309
6715,65.8127393513
6716,42.7469151394
6717,53.4268454512
6718,16.9705932756
6719,22.4795985338
6720,36.5591799383
6721,81.139314026
6722,73.6257376909
6723,38.2819932793
6724,30.3623006283
6725,55.6529243943
6726,27.5317337417
6727,21.8973950013
6728,26.8550674967
6729,26.8828011334
6730,35.4275620784
6731,19.1883620952
6732,29.1363855584
6733,69.338070666
6734,65.182589944
6735,19.4891926339
6736,31.6116386706
6737,51.6814667084
6738,17.569363486
6739,25.5385929297
6740,29.8055034055
6741,18.0868089027
6742,23.3527808059
6743,18.5308166944
6744,37.0435163937
6745,43.859389632
6746,23.2985970346
6747,31.9332868659
6748,29.4275667983
6749,33.3669554972
6750,27.3816507937
6751,65.0126842641
6752,42.325943408
6753,21.9015035529
6754,39.1962983846
6755,71.7076166883
6756,25.9023747832
6757,19.7379171107
6758,33.1747262966
6759,44.2558666291
6760,77.8421333699
6761,29.3840204337
6762,92.4156140775
6763,48.6579567965
6764,20.2075714727
6765,34.4878861469
6766,19.7533229771
6767,35.5812462202
6768,43.0297187507
6769,29.9863360317
6770,53.848582735
6771,65.5386716667
6772,20.1890418107
6773,20.0760804719
6774,36.4501707864
6775,56.3617818275
6776,25.8158170717
6777,30.3418892381
6778,46.6646167227
6779,45.2508092212
6780,65.360064809
6781,17.3971867699
6782,69.2186119764
6783,28.6605022464
6784,20.9444311674
6785,26.4964830063
6786,21.458318265
6787,29.6925144626
6788,35.5926708862
6789,16.6221218404
6790,26.8414221217
6791,8.77654753247
6792,37.6629485714
6793,76.4652935211
6794,23.5205505267
6795,32.4354614151
6796,26.5008028161
6797,31.8534666773
6798,26.5305677822
6799,28.1422634232
6800,27.8296702191
6801,15.9356492063
6802,20.3306046165
6803,29.0916941414
6804,67.2328944641
6805,42.2251980181
6806,74.6194185563
6807,64.9775018254
6808,69.4527170745
6809,66.4892801659
6810,82.066054781
6811,26.6637161593
6812,33.0260593218
6813,34.9965586171
6814,17.8178059401
6815,35.5091750089
6816,51.7631489866
6817,43.0069731629
6818,25.5309596656
6819,34.4441708981
6820,60.6917101371
6821,20.4542978908
6822,34.734796544
6823,32.090472699
6824,18.8028218158
6825,22.8162815476
6826,25.9277512195
6827,29.8314839057
6828,81.3222635931
6829,36.8704776673
6830,27.9777977861
6831,21.8246936948
6832,19.8695156999
6833,24.4816492942
6834,98.7460166811
6835,26.3581125267
6836,69.5409703289
6837,92.6254801893
6838,64.3960379365
6839,20.2478921861
6840,48.697494208
6841,18.7959127542
6842,102.414414194
6843,27.7073607659
6844,19.0155238429
6845,20.4697118252
6846,35.1063630679
6847,24.6360848038
6848,29.3681484715
6849,30.8577527733
6850,42.0409450207
6851,33.2286968474
6852,15.6555688948
6853,39.4308888528
6854,26.0516839263
6855,21.307793674
6856,68.9076555099
6857,34.0642138296
6858,47.1772119574
6859,24.7013702946
6860,26.2577589298
6861,36.5112723016
6862,16.1702659485
6863,26.0529249855
6864,20.7281441619
6865,96.6114945166
6866,25.5097243686
6867,28.4740188352
6868,31.8683742622
6869,44.2800386645
6870,20.0520160854
6871,26.6427492554
6872,40.0890482155
6873,36.0067482515
6874,46.7933515151
6875,27.3465617929
6876,73.7699446626
6877,63.0674089087
6878,22.7768727728
6879,58.7183466248
6880,36.4539499023
6881,20.5025598303
6882,28.0635589605
6883,18.1880861493
6884,49.214179596
6885,74.6112930611
6886,34.9920944444
6887,52.4848783462
6888,65.9110577731
6889,27.7319729357
6890,19.6034442352
6891,23.2199140712
6892,54.9474581084
6893,29.2956420586
6894,71.6406229815
6895,31.7218821212
6896,23.390614272
6897,27.6888722035
6898,58.9620912212
6899,30.2920322367
6900,52.3940846825
6901,33.3958315887
6902,29.0340114214
6903,33.0936308254
6904,39.8673537832
6905,31.5718093368
6906,33.6404203853
6907,24.6235450794
6908,38.4388395873
6909,20.5439732177
6910,33.3696748988
6911,42.0469040288
6912,40.1422730778
6913,16.1855155408
6914,48.8320826984
6915,21.823321863
6916,71.3507950982
6917,33.8295742462
6918,27.309129191
6919,96.0002792912
6920,25.0751707452
6921,87.4936424547
6922,98.0890435739
6923,30.5336873016
6924,53.308033562
6925,61.1500129398
6926,59.6570693022
6927,91.399879016
6928,17.4032959091
6929,25.4112208584
6930,49.7761726235
6931,53.8380974349
6932,43.7372830769
6933,65.854035873
6934,26.7251177836
6935,96.8046895238
6936,77.6292255198
6937,34.4766810808
6938,63.4943225397
6939,26.0062884167
6940,25.9822439394
6941,20.593184527
6942,22.7620157437
6943,26.5194693863
6944,32.9093007921
6945,24.0141864995
6946,35.9513524151
6947,23.8268163248
6948,46.8694393712
6949,90.5438853203
6950,32.2163071219
6951,28.9092351724
6952,24.6174627701
6953,38.3419610196
6954,22.993867481
6955,55.1303218505
6956,18.0454326803
6957,26.0511147334
6958,29.9328902958
6959,27.3565258245
6960,36.2147248779
6961,19.4912915066
6962,39.615722886
6963,22.1257600078
6964,31.158843293
6965,24.7627016718
6966,29.0588092466
6967,27.4148807916
6968,18.3698309416
6969,34.6652102989
6970,25.8158001288
6971,26.9904090765
6972,40.3941031396
6973,13.6247075783
6974,16.1731642251
6975,19.5018087157
6976,97.5082667491
6977,27.0264158392
6978,16.985831801
6979,25.3067904482
6980,31.4209449163
6981,22.3631091919
6982,29.7868284227
6983,25.4154914587
6984,28.2760520503
6985,25.5058047086
6986,43.5530795849
6987,20.2380491806
6988,35.0683025066
6989,22.4420581299
6990,41.0630074603
6991,65.5100604061
6992,23.1393308763
6993,65.0829593328
6994,47.2273244484
6995,85.9107896387
6996,24.6623500794
6997,59.1409367784
6998,31.3967743029
6999,26.8886605572
7000,62.4966139398
7001,33.7471028073
7002,27.3829635052
7003,29.6415232898
7004,24.7195592236
7005,30.3783191083
7006,34.6033452439
7007,27.2717864286
7008,28.0254560085
7009,39.4481172584
7010,26.7016897275
7011,40.7025900209
7012,22.2896108692
7013,21.0987354983
7014,27.8521408695
7015,41.6954205549
7016,57.0807602381
7017,88.6007963936
7018,35.2616423927
7019,30.6116845707
7020,54.2532729607
7021,32.0706346537
7022,16.9695325685
7023,39.9425648052
7024,38.5056258555
7025,55.4747021789
7026,19.6693761999
7027,38.1840882684
7028,35.5344408898
7029,29.4225599968
7030,61.5388729731
7031,38.4899084799
7032,29.9174089533
7033,27.7552735706
7034,24.9062412654
7035,35.4496790164
7036,26.2734614978
7037,59.644016381
7038,24.760554954
7039,24.2830607504
7040,74.9057379243
7041,33.978397381
7042,25.6096509277
7043,34.1650037304
7044,58.2476815439
7045,25.8430598045
7046,32.5857009824
7047,21.7372960895
7048,57.0230460343
7049,67.7005539067
7050,16.5132224242
7051,61.5971806593
7052,69.1375142713
7053,28.6243978478
7054,24.3285687807
7055,20.8681076825
7056,30.4755323459
7057,50.304668061
7058,22.9696231528
7059,24.1048867747
7060,25.1764325397
7061,24.349160678
7062,27.0390871911
7063,25.7042221329
7064,35.9619522989
7065,31.6248245764
7066,45.659421176
7067,51.7050163811
7068,20.4679601888
7069,21.3685214075
7070,62.0939768254
7071,27.0150981566
7072,31.2008770813
7073,42.5599179724
7074,26.2963892516
7075,39.7926175735
7076,26.7655802922
7077,63.0653214646
7078,16.5660807892
7079,45.9405259314
7080,34.6434610464
7081,28.941686176
7082,23.3479366461
7083,36.1830807749
7084,25.7422337668
7085,49.6839865801
7086,47.4582799856
7087,61.7119906455
7088,36.4155786463
7089,62.6210012652
7090,60.8564905983
7091,18.3296008584
7092,44.5964135873
7093,24.7670171518
7094,17.4218545743
7095,43.4683615164
7096,25.151620026
7097,56.2192330921
7098,24.5305042801
7099,31.2310991196
7100,38.189388557
7101,56.5616968201
7102,41.3710767079
7103,26.7421590548
7104,26.1989435004
7105,13.4554379365
7106,49.7227707565
7107,24.9917282784
7108,10.2607464269
7109,23.0823897207
7110,39.3561143241
7111,35.4074124502
7112,20.274149082
7113,39.6910280306
7114,26.5102202874
7115,22.3429868735
7116,87.1292743901
7117,29.7484847719
7118,89.1452755349
7119,18.0778774643
7120,60.5727504978
7121,32.408962539
7122,21.1057200374
7123,24.6889401424
7124,46.0814041991
7125,24.0200823199
7126,62.6345616719
7127,36.7503810584
7128,55.9753956199
7129,27.3955005205
7130,20.390088268
7131,38.3429145372
7132,35.0046246778
7133,25.7053999891
7134,83.4854310117
7135,37.1761731213
7136,24.9109885578
7137,23.8747675153
7138,35.0099957526
7139,34.7908133828
7140,32.8681527932
7141,78.4504150722
7142,41.2995218836
7143,31.2970616418
7144,26.5504980926
7145,21.0668744815
7146,35.7911251946
7147,64.180627272
7148,29.0167758981
7149,49.9488474031
7150,60.9588009635
7151,66.1775527895
7152,80.9526782662
7153,25.5573081772
7154,55.662747265
7155,31.9923109235
7156,46.9012584982
7157,18.9323593699
7158,54.492864542
7159,34.3352099149
7160,27.0775205483
7161,28.8269801732
7162,21.4542714599
7163,25.1192869814
7164,21.5605447647
7165,32.4685789808
7166,42.3549927992
7167,21.4437440476
7168,55.3209600722
7169,32.699934127
7170,37.8274183257
7171,26.3308449708
7172,28.7219345146
7173,30.5930651054
7174,49.942350083
7175,72.2170786385
7176,46.2396690271
7177,35.7810076256
7178,29.425370716
7179,37.3586981202
7180,31.8134959163
7181,31.1447928422
7182,35.8842986462
7183,24.7223880686
7184,11.7517596609
7185,46.8601032173
7186,50.7973097547
7187,30.608669004
7188,37.6398873242
7189,25.7728006992
7190,45.7429409407
7191,45.8305101587
7192,23.8119942268
7193,37.8594449846
7194,18.9444463747
7195,32.8628695294
7196,35.37589263
7197,57.3445937961
7198,34.343327024
7199,68.9543496404
7200,31.9304999401
7201,29.8097206349
7202,79.0831191496
7203,23.2946857353
7204,33.6772216667
7205,40.6297173617
7206,32.0306488029
7207,27.0643852938
7208,37.9733794109
7209,19.3379436702
7210,39.2739825527
7211,37.2675093847
7212,19.4772519034
7213,29.6109290757
7214,14.4958875724
7215,30.7305560882
7216,44.2090003968
7217,21.9702514541
7218,25.4190036173
7219,37.0918543153
7220,25.1364083187
7221,80.6390860478
7222,26.9767061633
7223,51.0037039683
7224,44.8136215368
7225,39.3789265877
7226,37.1094826893
7227,15.0373945965
7228,40.7837982572
7229,37.533118755
7230,41.026227922
7231,69.9356328139
7232,33.0664120653
7233,45.1548220809
7234,21.9347314286
7235,28.888950858
7236,19.2599126186
7237,28.529340065
7238,33.1678778945
7239,83.9254470726
7240,32.8789154993
7241,39.6162469248
7242,38.0278438467
7243,28.9208032198
7244,9.75008817294
7245,32.6954830057
7246,35.9822652984
7247,66.5895869409
7248,15.504540769
7249,67.7304522222
7250,43.5023699615
7251,18.8709505308
7252,41.9971939273
7253,34.3841730941
7254,44.0698878022
7255,33.0549598903
7256,29.3473122335
7257,18.3590413942
7258,26.5727313691
7259,51.6191789551
7260,19.8005230159
7261,25.2965837438
7262,17.3161336952
7263,50.2913946731
7264,79.8655774675
7265,28.759348469
7266,18.300725802
7267,17.4944159091
7268,85.9532623135
7269,34.6690954473
7270,40.673509083
7271,28.7669232914
7272,39.7325814694
7273,70.7329307112
7274,17.1482060501
7275,24.7240258919
7276,30.8261030483
7277,19.4983087861
7278,33.9901878672
7279,71.0069307282
7280,29.353298779
7281,37.8434240464
7282,17.826594851
7283,32.6014120364
7284,22.3571788503
7285,20.924730039
7286,25.7902816278
7287,54.3367889516
7288,64.0380919163
7289,46.5518836331
7290,68.8515548094
7291,28.767739548
7292,30.8302388786
7293,97.957007173
7294,38.5513192581
7295,43.7091416796
7296,26.6727723982
7297,19.606737495
7298,23.5643261978
7299,33.1314464263
7300,29.8673414101
7301,85.740181855
7302,27.7609252855
7303,23.7099183166
7304,28.7763195758
7305,30.4765522493
7306,87.2926891413
7307,24.4934992209
7308,22.4409800832
7309,32.4724249389
7310,36.3294135992
7311,34.2465281359
7312,32.5155841182
7313,75.2443989375
7314,54.4649527417
7315,43.152891007
7316,24.3234104077
7317,24.1708540983
7318,15.1151120341
7319,66.7955060911
7320,47.2600639827
7321,59.815883865
7322,72.8151866308
7323,32.2999775841
7324,26.6026393396
7325,65.2580383944
7326,90.1206397403
7327,88.9234442372
7328,21.1047518949
7329,48.4229973392
7330,69.0946425548
7331,52.7678102421
7332,55.1634219004
7333,26.2572431362
7334,50.1024013621
7335,88.6540584823
7336,24.723748463
7337,25.3611241198
7338,31.3658524704
7339,22.5956563276
7340,26.4655842332
7341,66.4864878616
7342,22.342309771
7343,34.5247004519
7344,76.0422224298
7345,31.5584671443
7346,37.048950875
7347,49.1559770206
7348,21.3475744913
7349,29.162104599
7350,44.1756752958
7351,19.9101078888
7352,46.7058986691
7353,23.4797522736
7354,26.2645749206
7355,23.9779941251
7356,23.6096322747
7357,29.4121857464
7358,58.7117458874
7359,39.5436324797
7360,44.2892439791
7361,29.7960676196
7362,24.7521095624
7363,21.4258164635
7364,41.3307366835
7365,36.5854462363
7366,35.0196820353
7367,31.5322488799
7368,31.8170057201
7369,71.3954996616
7370,24.3446001171
7371,20.281641532
7372,87.4418674012
7373,36.0164031361
7374,59.3300676328
7375,17.4789073016
7376,32.2419984178
7377,30.8578276265
7378,32.5268610417
7379,35.3790262069
7380,35.4538414689
7381,54.7687434813
7382,31.0805604158
7383,18.6413656588
7384,30.7528242217
7385,24.9978106921
7386,37.5353308504
7387,46.4468815996
7388,21.3765848932
7389,48.0578355172
7390,28.8164937485
7391,42.5438047445
7392,21.5778644444
7393,87.6422894627
7394,24.5936200274
7395,27.869792879
7396,22.59245
7397,29.9786527978
7398,54.8615881385
7399,35.837586817
7400,35.7902469109
7401,23.6404476585
7402,33.802086415
7403,47.9072123207
7404,66.8237082173
7405,61.9551428954
7406,53.2743001732
7407,23.8363313612
7408,29.8115515553
7409,75.3953754967
7410,56.4180919049
7411,34.6902222237
7412,51.5993667303
7413,28.0226613784
7414,71.4667690343
7415,44.1292774969
7416,27.8081195601
7417,30.9066681429
7418,23.1160173975
7419,21.3805096545
7420,25.8020175563
7421,42.5377681344
7422,22.1266316566
7423,65.7334742836
7424,18.76483436
7425,45.8337273573
7426,28.3993141214
7427,73.8879359546
7428,16.022290771
7429,56.9655637302
7430,40.3154573632
7431,33.1497488652
7432,23.6813720646
7433,31.3989932044
7434,18.7363393712
7435,31.1758540155
7436,23.7808540842
7437,27.8823576313
7438,18.2059707332
7439,67.0952089841
7440,22.4364946265
7441,68.5904790665
7442,46.0310208412
7443,24.0500844928
7444,56.8413479076
7445,60.16983665
7446,95.4047187947
7447,68.3604669791
7448,19.4004523077
7449,35.0145655878
7450,45.0161348662
7451,20.0953919447
7452,31.3995684258
7453,69.3905157848
7454,43.4627185796
7455,31.0906916402
7456,30.2629401587
7457,31.1635962482
7458,87.2748781102
7459,20.3584143659
7460,27.9629769912
7461,34.0993639981
7462,28.8416100447
7463,32.9405519183
7464,31.5133869466
7465,23.0727806053
7466,23.55137674
7467,26.136130285
7468,44.548195
7469,41.8724260512
7470,43.4202533865
7471,75.6208290304
7472,24.9138759173
7473,23.55690073
7474,36.7071574057
7475,33.5850408232
7476,90.2690799351
7477,25.2282496033
7478,28.2417843605
7479,55.0003364291
7480,49.445532492
7481,16.0657756352
7482,41.9924511602
7483,35.1006133163
7484,40.372214955
7485,18.5744838029
7486,19.9226857683
7487,39.9748239255
7488,44.1645042299
7489,30.5063140857
7490,49.7426519486
7491,18.3159144061
7492,23.5769312807
7493,23.6342453506
7494,40.5838206638
7495,26.1082373197
7496,99.6140142613
7497,69.3079028139
7498,38.6028938666
7499,33.0833065209
7500,23.044134827
7501,29.5479700955
7502,68.071571674
7503,29.9218620635
7504,24.0646056544
7505,23.2608484114
7506,19.2145618116
7507,85.0413927758
7508,30.7409012515
7509,37.0398069137
7510,26.9996201599
7511,32.933207758
7512,32.4250468317
7513,23.2999674071
7514,32.7787207268
7515,46.653243281
7516,90.3733617078
7517,25.3606011005
7518,15.9350714236
7519,55.5622526991
7520,28.5164506668
7521,23.7132616447
7522,24.6970700444
7523,31.2294276217
7524,67.0726171429
7525,81.4803211387
7526,30.3781792484
7527,41.0752989155
7528,85.0045219775
7529,31.139820664
7530,30.3240359116
7531,70.3235789377
7532,31.1011275613
7533,20.6049247526
7534,16.8168599495
7535,36.0184022327
7536,64.9280347311
7537,29.6302418649
7538,65.0253442838
7539,23.652810168
7540,34.4361357771
7541,18.386306993
7542,87.8081826984
7543,64.8527519853
7544,38.2837611038
7545,33.6171200872
7546,39.4233355458
7547,41.9870394747
7548,53.1699985714
7549,30.6569673004
7550,31.5260458131
7551,68.9459870092
7552,25.0415548645
7553,35.3781264591
7554,20.8020365584
7555,27.844360761
7556,24.5138739299
7557,70.2651053175
7558,67.9895306801
7559,20.7860130303
7560,69.0262085768
7561,35.7010972803
7562,74.5230953787
7563,29.873466263
7564,29.5111662504
7565,40.4712004729
7566,31.6285601587
7567,66.2798153701
7568,31.9531954905
7569,25.8010331413
7570,23.3010917503
7571,65.5444323542
7572,38.3661888083
7573,29.4707471606
7574,66.5344459564
7575,22.2358827201
7576,13.6780184077
7577,35.1992974193
7578,86.9506018415
7579,25.6948809633
7580,38.4183723075
7581,20.9596173134
7582,61.358050803
7583,28.4576919048
7584,66.7429443418
7585,51.1650303608
7586,45.6413808162
7587,40.739213301
7588,21.1611760936
7589,63.0884327263
7590,32.0416444678
7591,43.3935410534
7592,46.440094127
7593,22.5111460722
7594,31.0542136903
7595,25.637675003
7596,62.2053982587
7597,43.8430760328
7598,28.345728772
7599,28.4171047902
7600,48.7732969732
7601,43.0649539341
7602,45.3101136278
7603,22.4614155167
7604,41.9992623794
7605,31.9710493618
7606,69.3857933598
7607,39.0259257393
7608,73.8348032973
7609,39.5107288545
7610,36.5060321895
7611,26.8311804335
7612,51.7565423845
7613,30.4438985953
7614,34.2686283333
7615,22.6237744096
7616,28.8998749601
7617,23.1366674921
7618,69.2307798984
7619,68.6718015873
7620,26.4097921406
7621,65.1781273525
7622,23.3677392435
7623,55.3917032012
7624,60.0783630765
7625,16.7455971251
7626,31.84528021
7627,28.9372337078
7628,19.1018534921
7629,39.1724965155
7630,44.1970318318
7631,51.5079013639
7632,14.3417440443
7633,13.8741728856
7634,28.2992193478
7635,61.0345065849
7636,101.587887083
7637,41.8076997449
7638,57.4744516761
7639,26.7321658616
7640,22.1060669694
7641,40.5065034661
7642,23.9655466766
7643,66.5513043309
7644,30.4401249005
7645,37.1435184854
7646,22.6077666457
7647,34.5964596021
7648,39.5817740292
7649,18.7794028457
7650,34.0684671017
7651,24.6437528865
7652,64.9353405237
7653,53.6723418279
7654,30.5353183046
7655,37.4544236797
7656,27.9822715879
7657,35.8687100976
7658,28.7506349159
7659,22.8719164353
7660,37.7079289415
7661,26.9659142677
7662,25.5130366806
7663,62.2484019913
7664,17.9890090448
7665,23.9157861432
7666,87.6422894627
7667,35.1778408932
7668,85.1256961039
7669,36.8867385055
7670,63.9038572075
7671,23.8089039756
7672,70.6102139516
7673,47.4878771659
7674,49.1167395603
7675,35.1095042815
7676,18.9495958437
7677,65.4581996126
7678,20.6420877695
7679,88.7545983905
7680,82.8359006623
7681,20.7609543337
7682,85.3177273367
7683,22.236191114
7684,25.5102271034
7685,41.0934173469
7686,29.9707430503
7687,63.2151897985
7688,28.6943466428
7689,24.2252184611
7690,41.7019656105
7691,21.8083252238
7692,59.9091843218
7693,46.7418162377
7694,31.3134231111
7695,55.8612437077
7696,63.666778044
7697,21.71708334
7698,41.5800333586
7699,22.8760601732
7700,65.9079639916
7701,37.3008688639
7702,85.0259710279
7703,38.7416391867
7704,16.9756193017
7705,37.0018327645
7706,78.5459852017
7707,35.6400276479
7708,36.5725000049
7709,74.9553788806
7710,21.2587507577
7711,23.7369834793
7712,22.8443052381
7713,36.0520821799
7714,26.2915042571
7715,87.6033057238
7716,44.0826191042
7717,39.2556235714
7718,27.4606215155
7719,39.1291720711
7720,87.3036237085
7721,31.3006454738
7722,64.5653545022
7723,13.4656570507
7724,37.8873966508
7725,45.6635272222
7726,43.1114098016
7727,30.9327735022
7728,25.9270355028
7729,84.5663147627
7730,31.2131931438
7731,29.9703726004
7732,24.5385048703
7733,17.4357888793
7734,18.3731519841
7735,39.7408057431
7736,28.4160038478
7737,36.3763014889
7738,26.904620058
7739,47.0473035365
7740,40.9864558242
7741,43.4107967774
7742,42.9267954968
7743,58.0509844697
7744,59.765859402
7745,54.8147999928
7746,52.2475153849
7747,29.2911592349
7748,49.9104468355
7749,34.9929642192
7750,86.7074351587
7751,30.437321954
7752,27.0179159239
7753,64.3312915606
7754,32.0966231271
7755,20.6133094211
7756,27.1656319188
7757,28.8149675874
7758,24.6296380488
7759,66.3476844722
7760,87.5191790837
7761,23.2727306537
7762,31.9157293836
7763,56.3467394552
7764,23.4970301224
7765,40.3836200409
7766,27.1082539755
7767,17.9994024747
7768,32.8484655379
7769,93.1148669619
7770,37.0539887778
7771,30.4475916739
7772,48.6814581203
7773,71.0208842752
7774,52.262179438
7775,18.6618739416
7776,24.3877255988
7777,65.3243591841
7778,27.4849641897
7779,31.3544139644
7780,35.0600760999
7781,30.513074531
7782,40.0347978924
7783,67.0121142208
7784,31.7510682751
7785,27.2292195419
7786,58.5607073099
7787,29.2438924148
7788,65.0287178993
7789,31.2645239883
7790,58.7500771951
7791,33.1118821306
7792,35.8802914696
7793,60.3010492054
7794,87.1765971184
7795,22.4766960745
7796,72.2719673843
7797,24.2478557396
7798,59.5486941748
7799,54.5082503463
7800,32.6279232945
7801,37.4325980043
7802,32.0442209681
7803,24.9682167835
7804,25.6266077575
7805,48.8985842954
7806,27.8778276375
7807,64.1174830963
7808,45.8158205789
7809,39.3003986937
7810,71.432382189
7811,71.5582319625
7812,31.0073646954
7813,36.2333119558
7814,65.5575838703
7815,65.9531512206
7816,28.4085737994
7817,88.1479136482
7818,85.7229347186
7819,66.0962883916
7820,33.971496632
7821,31.5355698905
7822,28.1470675607
7823,37.5067742848
7824,30.3887711457
7825,20.4824726897
7826,47.8511809477
7827,41.6694949423
7828,65.323667549
7829,38.1750485411
7830,14.2334326046
7831,41.90073254
7832,26.5464750458
7833,67.1283090979
7834,31.5666276972
7835,23.5444412255
7836,50.5030208691
7837,42.1089650611
7838,51.0700026931
7839,27.2495676463
7840,67.2178738703
7841,24.1690270143
7842,23.4801867327
7843,27.1752504966
7844,30.1426043231
7845,45.7383814141
7846,35.6896328059
7847,21.9755073949
7848,47.9284894127
7849,16.524520037
7850,97.6969070008
7851,38.5296400693
7852,43.5935001709
7853,42.0886350438
7854,52.7048788368
7855,86.6423574603
7856,30.6242205411
7857,55.8307992664
7858,75.5792706724
7859,19.7476425608
7860,25.9841320685
7861,31.290066181
7862,65.6694103297
7863,64.3868396825
7864,37.2214040789
7865,52.8351384493
7866,30.4918262843
7867,23.4789144105
7868,27.5492634361
7869,54.1811132301
7870,30.1176348187
7871,17.03938856
7872,20.5184527532
7873,23.5684426036
7874,27.93975829
7875,33.5779313095
7876,31.3498288625
7877,45.1890885345
7878,31.4941462626
7879,16.9932307974
7880,25.0703942913
7881,25.0456123116
7882,67.7853912055
7883,17.4233403167
7884,67.7361036364
7885,75.8984604238
7886,27.9978676251
7887,68.5602190476
7888,38.436618473
7889,47.5381908514
7890,65.1137611827
7891,29.2432241064
7892,65.6485334238
7893,69.2933605922
7894,68.1614913919
7895,14.2602763548
7896,39.5512821414
7897,13.0470149978
7898,18.1262770414
7899,52.5052381074
7900,34.3499847013
7901,66.217256746
7902,27.0699198827
7903,40.3950718579
7904,21.1209662887
7905,25.0117062258
7906,68.3815985421
7907,45.9965080764
7908,65.4400944041
7909,33.8970823877
7910,28.6453614591
7911,16.7196445619
7912,29.3177518048
7913,35.1001704964
7914,32.2863491169
7915,43.4502609808
7916,44.659765368
7917,38.8542842258
7918,30.2484294386
7919,31.1820827181
7920,29.2736760406
7921,29.9404577226
7922,36.5233147874
7923,28.4757765814
7924,30.8009830142
7925,45.4856846217
7926,29.3803411764
7927,32.3316488263
7928,74.9877176409
7929,86.0373465079
7930,29.4589824855
7931,18.8730144589
7932,26.0069600422
7933,38.5426670815
7934,47.8191521041
7935,18.6571480592
7936,21.6600548039
7937,25.030024734
7938,34.7009663034
7939,16.4950739791
7940,53.1921860617
7941,52.9594353151
7942,25.9621325397
7943,20.2730838374
7944,22.6060022952
7945,30.0198184532
7946,28.9695311126
7947,50.2638732878
7948,47.8930508874
7949,65.0077217388
7950,92.4478222565
7951,42.5521558909
7952,89.3652844152
7953,24.963527835
7954,13.8173238384
7955,13.9308593718
7956,20.523166564
7957,15.4846471068
7958,29.6830893911
7959,43.030560101
7960,27.2633939572
7961,24.6850291991
7962,29.3166941359
7963,61.8730346628
7964,20.6302575625
7965,31.7691965254
7966,25.2679265987
7967,36.67282384
7968,33.8890077548
7969,74.3760797883
7970,58.5614431025
7971,54.3074978427
7972,16.2221696753
7973,32.0174373581
7974,35.8240446898
7975,87.3446445028
7976,23.8988952381
7977,32.0006685946
7978,26.5596774263
7979,45.8679334921
7980,35.1291976118
7981,16.8601066453
7982,65.271758218
7983,18.6119532612
7984,26.7913360605
7985,88.2775959425
7986,64.2453359095
7987,78.4249786084
7988,98.0110471262
7989,66.8779615679
7990,63.0827126627
7991,20.0910954964
7992,31.1587990953
7993,29.8846466465
7994,66.0413630195
7995,49.359216577
7996,24.8025760303
7997,56.9323713967
7998,18.4449735528
7999,23.9748620476
8000,66.4949801709
8001,38.3654551763
8002,81.8353086345
8003,34.1736741054
8004,28.569076175
8005,61.6005432937
8006,43.3402609524
8007,19.4800982323
8008,15.958415207
8009,21.1129031224
8010,18.9131392936
8011,32.3241964652
8012,57.4275313514
8013,35.7402412637
8014,88.2204690544
8015,30.7801337518
8016,38.843977195
8017,50.1334106889
8018,53.5545549206
8019,52.6166815405
8020,28.2399201854
8021,71.9873798535
8022,27.5289944289
8023,15.9716473304
8024,59.7238108938
8025,19.7638068805
8026,17.2417648516
8027,31.377907197
8028,46.235398254
8029,62.1581105567
8030,26.3086143386
8031,19.5388454523
8032,29.0880290492
8033,25.1643367727
8034,58.8791713345
8035,53.0165327663
8036,28.7793374969
8037,28.5110504847
8038,45.0190739755
8039,31.8338016275
8040,42.4553939716
8041,34.8688237079
8042,39.3122068889
8043,26.873278189
8044,27.7167503352
8045,32.4210041525
8046,49.8981236219
8047,70.3323434978
8048,33.5974880361
8049,61.3568615812
8050,31.2350520772
8051,22.9401527269
8052,40.2071126197
8053,28.9079616873
8054,24.5772617644
8055,61.0216416406
8056,55.204411089
8057,30.0922858718
8058,92.5109086898
8059,29.2453702368
8060,35.0257743193
8061,50.0559967075
8062,19.0396546503
8063,24.6247195843
8064,19.3209081807
8065,32.5014803108
8066,71.2383751227
8067,24.7252919148
8068,16.922167852
8069,56.8397716667
8070,65.1669489196
8071,43.4139950548
8072,26.8891283561
8073,51.9386060958
8074,35.94758727
8075,16.5152512159
8076,25.6205320584
8077,24.5956917681
8078,19.5168727661
8079,38.4670003651
8080,35.6561795887
8081,83.4900618504
8082,36.1153823935
8083,31.9551321861
8084,66.3713273565
8085,90.6071851288
8086,15.8493341486
8087,26.3873883342
8088,22.6225760165
8089,77.3378669991
8090,34.9104893483
8091,29.2236588785
8092,58.0140814945
8093,34.8681353218
8094,74.7753304736
8095,23.0215585385
8096,69.9477536952
8097,35.9636642274
8098,29.8109345357
8099,66.5659849323
8100,28.0609923016
8101,33.5440981912
8102,18.4482872143
8103,26.0209512448
8104,30.0224379896
8105,29.5138640977
8106,18.7285994601
8107,22.0985045736
8108,16.0520619719
8109,22.2470878232
8110,35.1170759048
8111,27.7680268387
8112,87.2045758547
8113,27.5997324656
8114,34.22786003
8115,40.5837241812
8116,24.8714342325
8117,34.9471060895
8118,58.8623513711
8119,19.9885989402
8120,62.2258034545
8121,77.9900134384
8122,60.002987662
8123,37.2326239679
8124,72.5389497076
8125,27.4382927104
8126,85.9541356832
8127,31.6747232137
8128,30.6758611267
8129,64.587804596
8130,26.3600590476
8131,31.8555734596
8132,32.1888444043
8133,28.2698656689
8134,77.2673983272
8135,20.4338802597
8136,29.0401565137
8137,26.4072450841
8138,77.383447667
8139,31.6107095756
8140,27.7402881802
8141,32.9404034255
8142,68.590083663
8143,31.1749416135
8144,23.1848907238
8145,23.0364582908
8146,30.3249034724
8147,46.4355625108
8148,59.6644917544
8149,31.1350764751
8150,55.7255618227
8151,24.7912498793
8152,61.4273773179
8153,29.624360402
8154,68.2474154864
8155,42.4931469986
8156,89.6506226984
8157,29.0475989699
8158,54.5498353629
8159,30.1573780339
8160,42.9851171429
8161,28.401306877
8162,34.8098243723
8163,14.9268562266
8164,60.4717370794
8165,41.5735794944
8166,59.6933390938
8167,22.1241854309
8168,30.0956058021
8169,19.6450471583
8170,31.2446393558
8171,22.8376174387
8172,34.9572922842
8173,24.6710211453
8174,44.4389487524
8175,41.875484759
8176,29.479860527
8177,56.8778213004
8178,34.2667357753
8179,28.7912719902
8180,31.937006176
8181,37.1458839853
8182,36.2311632526
8183,23.8961367698
8184,23.7172956674
8185,38.5574579863
8186,68.1378869469
8187,31.9304999401
8188,88.9190270635
8189,27.4531744293
8190,28.9714127135
8191,72.696936746
8192,31.0074643656
8193,32.3187577683
8194,31.0803704968
8195,22.8636613492
8196,22.8995994833
8197,19.7460533235
8198,29.2730091804
8199,39.6468266667
8200,31.4839277163
8201,19.6928384488
8202,70.576321905
8203,28.6781823282
8204,18.3348379526
8205,26.5123011279
8206,27.1570831323
8207,28.1263009868
8208,73.0407177217
8209,70.4470758716
8210,45.5428389988
8211,29.5160522478
8212,54.5994951432
8213,34.3688487021
8214,59.7577300921
8215,36.6046931025
8216,24.2541479021
8217,30.7528177854
8218,19.6418931441
8219,26.4071615729
8220,17.6966075541
8221,67.5569627489
8222,37.3170059435
8223,70.8257062698
8224,28.4386766484
8225,63.6733109535
8226,56.4503577778
8227,30.1994928262
8228,61.5887945635
8229,35.8463810847
8230,35.8081493345
8231,52.3573523969
8232,25.6927942333
8233,30.1107117764
8234,35.8077202095
8235,37.501857783
8236,71.7647472243
8237,74.8807648707
8238,72.9822814298
8239,22.6618678024
8240,32.1026172222
8241,92.6484122367
8242,29.1534973505
8243,35.2446211289
8244,55.4825506811
8245,38.6848920601
8246,29.224190469
8247,65.6546012554
8248,30.7186163361
8249,36.1072541779
8250,36.2590752285
8251,19.6555585498
8252,64.5544923973
8253,37.1258509664
8254,34.7539324242
8255,45.4446214444
8256,15.9389706713
8257,45.8931627922
8258,23.9071158276
8259,19.2893661876
8260,25.5622202114
8261,28.5566013748
8262,52.6260642305
8263,61.7726574134
8264,26.2849727628
8265,67.8827227417
8266,91.0731904762
8267,32.58455568
8268,25.5865719365
8269,88.4154139165
8270,29.8964514905
8271,22.7565674961
8272,80.774603022
8273,14.3762379178
8274,44.2277543
8275,71.1433202374
8276,25.4144191358
8277,16.2565360145
8278,32.0986664175
8279,22.8866003402
8280,77.9167782468
8281,29.7150192171
8282,27.7529466828
8283,22.0100490439
8284,40.5383627107
8285,45.4561556618
8286,29.2690655791
8287,67.9847717161
8288,34.6273743651
8289,25.3882479298
8290,32.7207898167
8291,42.2972499328
8292,16.9206763663
8293,27.3484256346
8294,64.634133144
8295,66.3035604193
8296,61.2441231064
8297,26.8475253811
8298,29.0951382526
8299,15.2444894828
8300,54.3422383359
8301,87.5587567332
8302,35.9930632835
8303,29.2775754476
8304,29.4108277078
8305,75.1748836306
8306,40.2000342045
8307,16.6964194933
8308,18.189699405
8309,38.1503190643
8310,34.4632794449
8311,95.2520230503
8312,31.3981404305
8313,21.0552781137
8314,31.2763368437
8315,24.3151259235
8316,32.4737468291
8317,22.0997568715
8318,29.4757816214
8319,33.0256482872
8320,18.9293210973
8321,28.6680232952
8322,19.9204298692
8323,26.5593619408
8324,29.966560557
8325,25.863687302
8326,25.0574332908
8327,23.1338664549
8328,34.2119462955
8329,31.6512645945
8330,92.8933809546
8331,27.6087719336
8332,42.1201403603
8333,73.4938358747
8334,15.0012471867
8335,32.1102049822
8336,23.2092556949
8337,28.9111810757
8338,92.1486050322
8339,21.990407672
8340,55.8099717576
8341,21.3754027537
8342,36.8358766367
8343,63.5595604655
8344,35.0152897326
8345,48.8623104673
8346,27.2918224443
8347,31.886467619
8348,43.6482212414
8349,57.2887867425
8350,69.9194664652
8351,50.6438987302
8352,31.9718786253
8353,38.1230691443
8354,54.2748748044
8355,88.525028961
8356,29.7216866411
8357,53.1828508009
8358,13.9540502209
8359,17.7342930558
8360,38.4247763345
8361,45.5589183394
8362,45.0518265602
8363,20.6150065079
8364,28.8068873976
8365,18.1970743262
8366,45.7432261998
8367,61.4869115625
8368,86.937856075
8369,49.2519906349
8370,56.6661160928
8371,65.9531512206
8372,32.4998852958
8373,47.4156184427
8374,29.8831874984
8375,54.618673824
8376,62.3790693048
8377,67.8047340277
8378,35.1590031207
8379,63.1958915873
8380,30.1752222287
8381,51.649464246
8382,19.9378104795
8383,51.3447055217
8384,49.8286490404
8385,20.6564488514
8386,25.1437144892
8387,35.0492619524
8388,26.2611461075
8389,19.4999344913
8390,24.3955386701
8391,26.5747015687
8392,31.4510439799
8393,64.9301969408
8394,56.7319914582
8395,31.9987765224
8396,46.0851347215
8397,26.7846296097
8398,28.8081547199
8399,23.2414025372
8400,35.8096137063
8401,69.4181961662
8402,38.9613563045
8403,23.4772615152
8404,28.3176301398
8405,82.5441826207
8406,51.3905483092
8407,20.6423413604
8408,38.0635718392
8409,27.0525600159
8410,28.1873405737
8411,45.3050740603
8412,38.0323985159
8413,60.7995927561
8414,44.7491846825
8415,33.4000221819
8416,32.6170547471
8417,50.3122545166
8418,38.6381008421
8419,94.4350883434
8420,26.7068425714
8421,16.1255451404
8422,41.2768227713
8423,40.5499779954
8424,33.3452678364
8425,21.9283359206
8426,36.0402115839
8427,18.9803555938
8428,66.0922754457
8429,71.546594975
8430,29.1432730027
8431,41.3814726372
8432,21.3465513221
8433,66.1111879395
8434,21.527035281
8435,39.4461901235
8436,35.6227486501
8437,31.2726574695
8438,18.7258179282
8439,32.9693670725
8440,25.9457444737
8441,32.0374217354
8442,15.1214340895
8443,33.3532266461
8444,14.5282190582
8445,79.2687144733
8446,22.4455290765
8447,37.3455133911
8448,33.3685396787
8449,91.8419357303
8450,67.8756614481
8451,23.5972332598
8452,28.5245859642
8453,26.8983308943
8454,38.2330637122
8455,28.70971657
8456,25.8916720158
8457,75.5972122799
8458,41.5814054548
8459,24.5046069934
8460,35.6781532849
8461,25.2415501716
8462,48.8181827541
8463,40.7819791239
8464,21.3957994708
8465,37.3391309524
8466,49.7920988095
8467,30.9696233275
8468,42.6551225253
8469,57.1111610317
8470,26.564056279
8471,31.0714837448
8472,28.3125884515
8473,65.2697229999
8474,29.5649151547
8475,28.5872288316
8476,46.2638822777
8477,60.0218672735
8478,27.8761756432
8479,41.0067994795
8480,17.4971058381
8481,66.2809026497
8482,85.4678969403
8483,24.2084320635
8484,29.688134894
8485,25.1236954156
8486,47.1285070274
8487,27.1065653824
8488,19.6456663848
8489,26.8303193089
8490,32.0397992297
8491,21.3908056349
8492,27.638047316
8493,59.8881167927
8494,24.0248437387
8495,29.2047432247
8496,47.404013823
8497,25.429683691
8498,40.7081638095
8499,35.4115350395
8500,19.8321466926
8501,53.3589330872
8502,27.3596347952
8503,63.7417481475
8504,30.377078446
8505,66.382812583
8506,51.5725689371
8507,33.2991953422
8508,34.9604113938
8509,27.9350103521
8510,36.665147596
8511,63.0104641547
8512,81.7136348485
8513,58.3517262027
8514,55.378202866
8515,27.0407478474
8516,39.7326963254
8517,23.7593338983
8518,24.3437851128
8519,53.0715666233
8520,38.1152748485
8521,73.9063289379
8522,31.9464358339
8523,20.7575090744
8524,22.6856206277
8525,23.1423636843
8526,63.0489549552
8527,77.0204498573
8528,52.0080155617
8529,58.5330829876
8530,22.3795356926
8531,29.6693950795
8532,34.1815501756
8533,20.5059385676
8534,94.542325156
8535,32.2431617768
8536,28.5161009274
8537,40.3233671319
8538,68.6679007087
8539,34.5872720157
8540,52.9263977556
8541,18.9922416306
8542,41.9890538889
8543,25.5411189899
8544,36.0472886988
8545,32.2786907648
8546,35.344604006
8547,34.330915119
8548,35.5263940827
8549,59.7067306999
8550,20.4428703001
8551,48.6455598136
8552,80.3426245022
8553,26.0676026456
8554,37.4440800805
8555,24.6338099893
8556,65.4021038034
8557,20.7871346759
8558,32.1330428806
8559,26.0539801343
8560,21.6363968871
8561,32.3325361188
8562,32.5235454401
8563,25.3889976551
8564,28.4005790455
8565,32.6078827772
8566,49.7111521818
8567,96.5892801709
8568,39.0248160857
8569,52.8028328114
8570,36.0613101371
8571,23.7986652057
8572,46.0331632909
8573,41.2434349048
8574,38.3359841814
8575,60.1844325302
8576,31.5163859435
8577,65.5972676914
8578,38.0604005733
8579,73.1385733779
8580,26.8283786891
8581,54.3827863804
8582,21.8124702614
8583,51.4845916689
8584,19.0094032323
8585,25.5498762973
8586,96.0721028379
8587,35.5788575685
8588,27.4318909948
8589,58.777705982
8590,26.4349447941
8591,20.2475349424
8592,42.9623223455
8593,26.3828261049
8594,66.7465888464
8595,30.5252792538
8596,26.6070194678
8597,50.3526265213
8598,57.842750919
8599,50.5651244196
8600,64.6408528283
8601,43.4382207413
8602,48.1090927056
8603,17.3755531143
8604,51.0761626313
8605,22.2717789703
8606,28.4103987482
8607,55.6762203968
8608,27.6072800904
8609,11.3588603535
8610,45.7634788156
8611,27.0694821606
8612,39.948034634
8613,84.2462482129
8614,85.7316179629
8615,34.0293995862
8616,36.0708562136
8617,67.9070196753
8618,52.3532879204
8619,18.2689349062
8620,28.7015154903
8621,28.620351271
8622,31.8461585079
8623,13.8183683454
8624,28.9594447946
8625,49.8306299981
8626,25.7200322912
8627,32.7486558341
8628,57.4256576469
8629,29.3259581354
8630,27.0783352267
8631,29.6637929543
8632,72.0825847475
8633,17.3093165089
8634,68.1267709363
8635,35.2172174869
8636,19.5865198067
8637,85.971735207
8638,28.6737260241
8639,25.829898054
8640,16.5623737696
8641,27.1269589841
8642,29.0813287801
8643,36.3682420257
8644,30.59439264
8645,41.4469516205
8646,27.3875745299
8647,37.0812570404
8648,31.4216229879
8649,24.7226398546
8650,18.5999539266
8651,38.7918979566
8652,51.2540417885
8653,68.7412028366
8654,62.8358808171
8655,42.7612883117
8656,35.7923931372
8657,28.4447737471
8658,49.5768183122
8659,19.6177849451
8660,32.3440933005
8661,33.9726515203
8662,58.7519242333
8663,29.4992634854
8664,61.9261179091
8665,66.2587519048
8666,27.7362583235
8667,27.8087585624
8668,23.7065052552
8669,15.2388281385
8670,17.4862169692
8671,19.7528369608
8672,21.2151539367
8673,37.8311464451
8674,27.6303177867
8675,49.1507969841
8676,19.3610882049
8677,35.1026120665
8678,34.0318762857
8679,32.6505685365
8680,56.4301486302
8681,13.1681298694
8682,42.0874172602
8683,34.5251835467
8684,14.8652138348
8685,65.5544703463
8686,29.2230783509
8687,29.133060989
8688,77.2371716256
8689,26.5294376496
8690,16.252076746
8691,34.6744654469
8692,40.5074582381
8693,74.9082378944
8694,46.9657696532
8695,82.2947426568
8696,63.4573223743
8697,16.7594597266
8698,17.4035348168
8699,29.4814989223
8700,65.4513243732
8701,38.2111832446
8702,14.0407031855
8703,22.7428392689
8704,74.1820713853
8705,27.8993767859
8706,75.2385882845
8707,23.0881455216
8708,60.6712429654
8709,32.7561909172
8710,27.8479751049
8711,40.6361061025
8712,23.2937922035
8713,41.267762492
8714,50.4583947839
8715,26.8215125108
8716,57.7016829972
8717,25.7018156109
8718,39.3998288738
8719,31.5361775036
8720,65.8664705988
8721,20.3948862379
8722,24.4111885844
8723,27.3601487841
8724,23.3246975716
8725,35.7873251932
8726,35.2544095612
8727,38.0731658908
8728,36.9849933362
8729,42.6118933911
8730,22.8660700057
8731,101.673538241
8732,21.4531489122
8733,24.7821028338
8734,32.4445165146
8735,44.847530925
8736,33.4403431025
8737,66.1664211731
8738,30.3357245743
8739,37.6104966089
8740,33.4074144388
8741,35.4645708162
8742,77.0386097613
8743,48.1568549206
8744,39.5779048493
8745,92.7074950396
8746,58.1373142828
8747,43.6621142254
8748,72.2759926077
8749,36.2352620563
8750,37.9988120468
8751,31.3374557143
8752,27.0171737517
8753,33.7685782689
8754,81.9298627564
8755,31.8702453452
8756,34.0953099614
8757,64.9795811977
8758,28.650882697
8759,61.595954632
8760,16.3176427961
8761,31.4344472958
8762,37.0097385413
8763,33.7193277056
8764,21.4326745523
8765,27.4078220091
8766,19.4345863768
8767,68.1592273872
8768,25.8635194409
8769,65.7358126016
8770,32.0447132113
8771,74.7655203985
8772,66.7406876551
8773,14.943145989
8774,26.967254306
8775,31.9650003207
8776,19.7277868759
8777,38.2329983723
8778,26.0339553325
8779,43.8631125076
8780,30.0336984286
8781,35.1359530952
8782,22.0231990088
8783,23.5386870346
8784,43.4381568481
8785,23.5975641653
8786,34.9191057631
8787,31.7405031936
8788,16.8430646215
8789,43.2109532496
8790,20.6201630519
8791,42.0276791538
8792,68.1318202335
8793,25.4805670652
8794,28.5471518352
8795,50.3493774938
8796,58.8103521868
8797,23.2528745747
8798,21.8535198653
8799,28.5302173339
8800,59.3888684025
8801,27.4923088939
8802,60.2514267965
8803,35.7972422511
8804,68.3421935897
8805,22.0569132612
8806,34.0764659106
8807,18.5150383356
8808,28.3632973965
8809,32.6560738392
8810,27.4983772078
8811,29.2437249913
8812,16.4786840055
8813,33.3218053558
8814,47.873921554
8815,32.0002159822
8816,28.5735922738
8817,20.1729272114
8818,41.5989894354
8819,26.2434856152
8820,57.6767743229
8821,18.8984347553
8822,15.329043411
8823,28.1705042935
8824,35.2651587808
8825,70.4282392393
8826,31.4907692518
8827,28.3379042334
8828,59.5391793919
8829,71.4191526312
8830,24.5956552576
8831,26.0462576074
8832,58.4724303175
8833,33.3737668637
8834,29.3043026478
8835,14.0101427778
8836,30.3039162908
8837,82.9075530994
8838,26.538702254
8839,86.4045482756
8840,39.7206792675
8841,64.2360474955
8842,20.819329758
8843,30.608586536
8844,28.8545054518
8845,22.4226751264
8846,20.6347857093
8847,32.4208130159
8848,24.0297826089
8849,23.3874377561
8850,32.2869552131
8851,26.7528017529
8852,45.9954585611
8853,34.0462895189
8854,42.454797326
8855,59.844336912
8856,22.3295007962
8857,20.1268763735
8858,37.4381565887
8859,60.0022768687
8860,30.1908500361
8861,63.4807864569
8862,29.3810311472
8863,35.8750189839
8864,71.1400225786
8865,25.9617495569
8866,69.0196790473
8867,42.1808414891
8868,36.3442541386
8869,31.6836588066
8870,33.219552527
8871,36.465573011
8872,31.8460977349
8873,23.7897863971
8874,30.0337456552
8875,21.0589213637
8876,44.1470947619
8877,28.0660256986
8878,31.4918144444
8879,25.7390963823
8880,33.5198280874
8881,41.904139179
8882,52.9942648325
8883,30.1095194186
8884,49.2884395627
8885,60.7394763819
8886,78.5477985714
8887,49.130285267
8888,15.4057059019
8889,28.0970439685
8890,61.7612808095
8891,66.4403273088
8892,54.7731656494
8893,49.2545466214
8894,36.0520789154
8895,30.6824565512
8896,34.17607648
8897,19.6842344937
8898,18.2365183561
8899,36.8940524562
8900,16.4409840415
8901,67.5236786508
8902,80.5049461039
8903,69.868506239
8904,33.1080271395
8905,29.1658299278
8906,21.4398752391
8907,62.6502786032
8908,76.9589842105
8909,53.2031977096
8910,30.6872757207
8911,46.4083945198
8912,73.5643576666
8913,19.3740608192
8914,45.0002234323
8915,63.0998922898
8916,25.8048051015
8917,29.2389968891
8918,15.161677033
8919,77.6232192354
8920,17.2100103397
8921,28.2115492799
8922,26.1431103102
8923,20.467570531
8924,44.3013530194
8925,66.6972954177
8926,36.3310299206
8927,54.7623038366
8928,70.0186336103
8929,53.5388860925
8930,33.5120300979
8931,23.3693711583
8932,29.1835348654
8933,41.3644106063
8934,29.2157808816
8935,23.4387745416
8936,80.3426245022
8937,35.1392156514
8938,19.1888343995
8939,24.6199419038
8940,68.1129893651
8941,36.5490911073
8942,64.4604166807
8943,67.3307877006
8944,38.2847081198
8945,19.7022497334
8946,60.2546370869
8947,28.0488872393
8948,26.6073228475
8949,39.5534109014
8950,20.1156202147
8951,27.2520338614
8952,24.1418601832
8953,53.2853139426
8954,33.4029154416
8955,30.052472731
8956,24.5376026396
8957,32.190427648
8958,23.5567385137
8959,49.8986510101
8960,42.0725111765
8961,51.2669506931
8962,25.5026974125
8963,25.621604147
8964,70.5946812698
8965,53.8494290199
8966,69.4495083851
8967,32.4529787775
8968,25.4602784109
8969,69.1053995067
8970,52.4870130736
8971,28.3556025361
8972,67.0613432527
8973,23.7617286078
8974,58.200829608
8975,29.0057734221
8976,30.1771320635
8977,46.0528966492
8978,33.0319660919
8979,26.8237221429
8980,28.6091787664
8981,27.8812220205
8982,82.066054781
8983,30.9940982897
8984,29.7770389322
8985,28.71406825
8986,67.603862371
8987,58.8103521868
8988,23.6135968167
8989,36.8767829316
8990,78.5936515851
8991,34.2370633772
8992,30.3774435842
8993,27.0363675574
8994,25.3939981932
8995,32.8724077875
8996,25.0348681434
8997,30.7963885412
8998,26.9485409108
8999,31.1948247131
9000,61.5274699995
9001,44.0757664141
9002,61.6015863781
9003,29.8276752381
9004,58.0189638832
9005,38.9053025365
9006,29.9487276796
9007,44.7209299734
9008,71.0529550205
9009,74.7787418471
9010,35.5242760068
9011,23.072827782
9012,92.1635720153
9013,28.406328935
9014,65.2246052436
9015,56.199583509
9016,26.2650737635
9017,37.8034326369
9018,58.3072125238
9019,86.0805180519
9020,29.774694013
9021,28.6135152384
9022,27.1362534577
9023,23.4476124756
9024,22.4640564236
9025,21.1686092879
9026,33.8785255732
9027,53.3879341182
9028,48.2147896512
9029,32.0765238384
9030,37.0436303704
9031,24.9955327264
9032,42.7935182218
9033,24.8018121217
9034,25.6203335315
9035,23.5087483542
9036,25.3878686082
9037,88.5494496308
9038,30.3103313165
9039,21.9401002318
9040,37.3629522667
9041,36.84636218
9042,36.8881910635
9043,57.9897764611
9044,28.1656629082
9045,17.411708148
9046,40.0393532445
9047,35.8303774605
9048,64.1468968074
9049,57.0246334482
9050,26.814882512
9051,24.4243241015
9052,40.7269471552
9053,32.3951801527
9054,36.3348607417
9055,32.4854888623
9056,29.7534596959
9057,34.6414768081
9058,77.090818254
9059,63.2706450295
9060,63.6830339622
9061,92.9416876524
9062,31.2009785802
9063,25.4910613423
9064,28.1601211909
9065,51.7698185003
9066,55.3484946248
9067,31.0766321906
9068,38.57989662
9069,33.4523982234
9070,14.1898904446
9071,25.3819287696
9072,14.77331956
9073,32.1523658993
9074,60.3669635267
9075,26.5503588304
9076,18.2105994805
9077,19.6679614043
9078,72.97741954
9079,58.4998707027
9080,32.0998133501
9081,33.0371476468
9082,23.762059055
9083,32.3700283856
9084,44.658797252
9085,18.931377558
9086,22.7775927298
9087,81.9804870824
9088,53.0793386871
9089,36.2570890772
9090,17.2854437302
9091,64.422137265
9092,56.4040600555
9093,32.6456561905
9094,17.9059202492
9095,52.1156006107
9096,52.8075056511
9097,32.1295612613
9098,23.7317438456
9099,92.2947861726
9100,34.1585701451
9101,26.5777760372
9102,23.4021116574
9103,27.6523437479
9104,27.8178577378
9105,28.8942892264
9106,23.0036321989
9107,49.289183243
9108,25.7871470904
9109,80.4207091107
9110,23.0681712698
9111,32.8598978494
9112,37.6938038651
9113,24.5609905592
9114,51.9878259964
9115,40.3286220007
9116,28.0993199055
9117,31.8081222427
9118,30.3339577675
9119,63.1675101282
9120,23.3213954899
9121,71.520926487
9122,21.1152665051
9123,31.6284190572
9124,26.8660423574
9125,24.635703928
9126,68.3081717641
9127,27.5289944289
9128,40.5443050135
9129,30.8502927829
9130,48.3277066017
9131,72.6434665945
9132,33.7948867285
9133,64.4891678397
9134,32.1001150833
9135,25.7772271444
9136,52.1686679953
9137,23.5071958432
9138,68.2621991603
9139,59.1774917047
9140,67.4114716963
9141,17.9350809086
9142,21.6371033488
9143,30.8269596314
9144,26.4464381079
9145,36.5044705106
9146,64.3290092857
9147,22.9741485849
9148,65.2426637863
9149,30.1822501109
9150,64.2395590108
9151,27.333114446
9152,14.7353691486
9153,31.6418311045
9154,22.8782095974
9155,69.7369262821
9156,30.0630817882
9157,23.739308189
9158,24.6862479563
9159,40.0504376133
9160,38.2300030017
9161,30.8951964931
9162,27.8394230765
9163,27.2353241675
9164,82.6383491672
9165,12.3989746104
9166,62.9242587085
9167,29.1130056133
9168,68.4145342063
9169,44.0735720818
9170,78.119504881
9171,16.4818671861
9172,78.1323926607
9173,89.9906590699
9174,93.2125974442
9175,37.6497702339
9176,33.882508934
9177,85.4296560654
9178,25.6470235042
9179,40.267695873
9180,32.2454625079
9181,23.6935146179
9182,43.7003651504
9183,33.7615812381
9184,20.6804646984
9185,26.9995987158
9186,41.1824436229
9187,37.2255751659
9188,36.3749398037
9189,21.7158621358
9190,30.1021204967
9191,65.6993552381
9192,21.0753913779
9193,38.9259973878
9194,24.3194136574
9195,45.5364277789
9196,26.275931342
9197,88.7465649389
9198,73.2432939416
9199,20.718907417
9200,38.2392755556
9201,68.9784622222
9202,55.9195102849
9203,23.3863152961
9204,24.4623512365
9205,23.4050054002
9206,27.2943731777
9207,87.0788659456
9208,67.320085202
9209,45.7548733888
9210,31.2634315282
9211,34.3133955289
9212,30.1770088312
9213,87.2919980807
9214,35.1443685108
9215,27.0106114286
9216,33.1630563056
9217,43.0483763492
9218,30.4726244437
9219,39.4169563893
9220,28.2494955397
9221,30.3323906462
9222,38.3224858316
9223,71.6633008059
9224,24.7727660835
9225,53.1842112286
9226,30.484946821
9227,63.8242289726
9228,41.1185326147
9229,68.853046645
9230,29.4296265596
9231,61.5946467937
9232,35.8336878571
9233,35.7267184007
9234,74.4486381025
9235,36.0398222179
9236,59.9183721252
9237,43.898295662
9238,30.7031822799
9239,52.4222266208
9240,26.5205303084
9241,24.125967732
9242,30.0610702525
9243,27.0930023895
9244,27.3874620675
9245,69.1585326456
9246,47.0285565911
9247,37.0829527207
9248,30.4819170693
9249,60.8929283315
9250,14.7059467033
9251,64.5916453608
9252,27.3296273027
9253,16.8619414655
9254,29.9924998413
9255,28.160256482
9256,31.6769271847
9257,90.943887391
9258,45.495600524
9259,55.762753236
9260,21.9795485933
9261,70.1959873443
9262,57.3174197663
9263,56.5305462843
9264,40.3204748451
9265,14.5852145846
9266,79.4373670563
9267,31.7628804805
9268,65.7367822145
9269,22.1139357931
9270,27.4180276168
9271,49.1995176555
9272,86.7338258163
9273,20.6018627838
9274,70.4506830159
9275,47.6062582467
9276,70.6119104187
9277,62.4367700616
9278,19.4641658947
9279,68.9179708675
9280,54.1053348323
9281,88.1023247377
9282,31.0085307056
9283,34.7525387778
9284,62.1399664785
9285,23.7086798625
9286,27.9145513875
9287,24.7772559393
9288,94.871298143
9289,43.446155086
9290,29.2377057696
9291,30.40224889
9292,31.0845461234
9293,31.6953525397
9294,64.0395646499
9295,30.2997953391
9296,26.9962456671
9297,43.2361942857
9298,31.9507567884
9299,63.8051889072
9300,30.1231934199
9301,20.0308591342
9302,22.0232743989
9303,34.5470614044
9304,20.035228114
9305,22.2094349784
9306,29.2912274981
9307,65.524954062
9308,92.6859721746
9309,68.2361321674
9310,25.5124157937
9311,19.1344618024
9312,31.5910549767
9313,66.8313505376
9314,26.7706965433
9315,34.0224203883
9316,56.0428447935
9317,27.7658899134
9318,32.4954326667
9319,46.1038072975
9320,23.9091708061
9321,42.3896345002
9322,35.78129414
9323,21.0136215259
9324,64.2099040316
9325,31.3740964274
9326,30.8812169391
9327,84.6066052958
9328,32.6751839885
9329,30.0180950736
9330,34.7683931272
9331,28.1219346206
9332,27.5087113781
9333,28.1308168066
9334,30.0681377778
9335,47.8089302821
9336,23.0628463059
9337,28.0333251013
9338,97.7278373609
9339,64.1602931602
9340,88.5051964324
9341,65.9876821573
9342,27.3928341282
9343,34.6712160679
9344,32.5582641429
9345,33.4407475928
9346,34.0809568296
9347,22.0333634505
9348,23.2031625123
9349,27.8930979073
9350,19.9665043187
9351,40.6633041086
9352,34.2234496152
9353,63.0167231943
9354,18.5381504251
9355,38.3941155689
9356,19.8685037953
9357,68.3412415079
9358,16.4419093762
9359,29.2873069753
9360,31.1472016628
9361,25.2900042943
9362,29.0089731837
9363,54.2165669048
9364,22.9230574806
9365,19.3391285851
9366,70.935288677
9367,57.712121746
9368,37.3150262232
9369,32.5515950092
9370,41.1934023603
9371,28.0688173637
9372,65.6943326773
9373,94.3551260173
9374,34.2865563783
9375,37.018954079
9376,24.9816958539
9377,38.1064885642
9378,33.8481025219
9379,32.9255212627
9380,30.2428546176
9381,27.2121003332
9382,39.0612088757
9383,30.1914242628
9384,30.6639099565
9385,84.1713130431
9386,26.7320048829
9387,50.9384492077
9388,38.4003095217
9389,28.9976788392
9390,33.5378244012
9391,44.1392196864
9392,25.5795653344
9393,31.1657013186
9394,53.4549778355
9395,56.1681720707
9396,24.3412506839
9397,19.1948505561
9398,63.67259729
9399,20.7997900771
9400,71.3287024928
9401,18.2668157071
9402,23.0246963548
9403,17.9016050494
9404,70.6922604396
9405,31.2358034676
9406,42.4206605615
9407,58.5312656904
9408,21.2556354858
9409,33.0935877804
9410,32.7837293674
9411,48.3799349017
9412,31.9305129509
9413,16.433441552
9414,19.7648407545
9415,29.1423218501
9416,18.34637927
9417,19.3308870856
9418,24.5281329811
9419,22.9009968861
9420,13.7713919414
9421,70.7760678799
9422,28.9850278231
9423,20.2929148356
9424,31.7910893046
9425,28.2896625794
9426,28.6173783798
9427,25.8529808278
9428,72.8986067791
9429,22.696384536
9430,24.1615805863
9431,32.2943036578
9432,31.0317186149
9433,30.682961493
9434,43.5477142929
9435,58.8103521868
9436,28.1194599121
9437,36.9324785684
9438,90.1973858508
9439,45.3358262338
9440,32.6274357415
9441,31.4892370031
9442,18.855643479
9443,26.8745143016
9444,27.6164057143
9445,14.1289732792
9446,50.9746592749
9447,20.4562627778
9448,30.6280448951
9449,34.7923805331
9450,36.0972926479
9451,58.9242896032
9452,26.0506385643
9453,34.5946549212
9454,27.1561168374
9455,30.5457334704
9456,40.9024987143
9457,23.2095548506
9458,40.2300878116
9459,32.8102606055
9460,17.4461073593
9461,41.5540792274
9462,36.7456423464
9463,57.4067438059
9464,59.6169975644
9465,32.4882345599
9466,29.8895715649
9467,33.0796252336
9468,34.8086859711
9469,37.9241432661
9470,25.1517085162
9471,44.7273490537
9472,31.1098811631
9473,19.6767097613
9474,18.8203580536
9475,62.9376017805
9476,27.3319320081
9477,32.193888539
9478,66.1080810179
9479,80.8246304489
9480,39.4136773465
9481,28.5431925092
9482,34.3091038414
9483,31.2959718866
9484,84.5488855954
9485,52.3328072561
9486,27.4554586024
9487,22.322749359
9488,39.2034662049
9489,30.5726987761
9490,30.4823904838
9491,51.6127211696
9492,38.6115329544
9493,39.0030781421
9494,53.3230039689
9495,43.8744944614
9496,70.1878389322
9497,68.1283445156
9498,71.5322433308
9499,66.174315346
9500,88.9761408339
9501,44.9859018498
9502,70.9155463492
9503,30.0247211919
9504,24.7684160535
9505,27.3630614502
9506,40.6744492186
9507,27.0266632675
9508,27.5047680059
9509,17.1996597658
9510,32.9070434254
9511,28.8096048254
9512,55.4743324598
9513,16.5989020491
9514,31.4398785796
9515,29.9399163279
9516,31.831647364
9517,62.7527162951
9518,98.5393927106
9519,19.4976477556
9520,59.3664282445
9521,27.3118287585
9522,27.4134575015
9523,19.0256018407
9524,93.0586370047
9525,26.6512005685
9526,23.1475305542
9527,65.8071216641
9528,60.1870735098
9529,32.4059528235
9530,17.5233393747
9531,65.986746075
9532,33.841530671
9533,25.8187292395
9534,64.2853793307
9535,43.5189896347
9536,26.1294144394
9537,67.4694724589
9538,25.003303528
9539,28.6541008453
9540,28.0569654468
9541,42.6262219192
9542,27.0293066984
9543,44.800098339
9544,53.1204859603
9545,25.7000677345
9546,25.2120474134
9547,29.987698759
9548,90.3782880041
9549,62.7144979437
9550,48.393386143
9551,42.5067922834
9552,18.9918180784
9553,19.5025101082
9554,32.1776785041
9555,36.8383773908
9556,51.1494798341
9557,91.6073830522
9558,10.3680411905
9559,28.0845208481
9560,25.8101238023
9561,61.6623296825
9562,42.8919528258
9563,69.4802079511
9564,19.8868812698
9565,36.8316329284
9566,44.8831330764
9567,40.7832924809
9568,22.5844041573
9569,21.0243881785
9570,28.2351663528
9571,68.9315227602
9572,54.0925782416
9573,32.6478397613
9574,42.8991910296
9575,21.2448172251
9576,51.2873955212
9577,35.4860575036
9578,73.622934832
9579,47.6485764687
9580,22.3098929931
9581,35.4577843792
9582,31.6395981746
9583,27.8738093035
9584,47.5958579197
9585,29.0630424978
9586,26.8588106155
9587,30.7687835345
9588,31.0562477949
9589,32.9969519863
9590,21.4830716889
9591,22.2348478022
9592,27.7545832035
9593,56.9948377922
9594,39.8614657571
9595,40.3579627432
9596,15.5709188023
9597,27.3910809536
9598,74.7544611696
9599,98.4232033776
9600,51.4610995689
9601,31.0521068222
9602,65.2330677529
9603,32.9075640319
9604,37.7704893728
9605,71.2504661026
9606,14.4261629841
9607,40.0105517368
9608,30.8584266242
9609,25.1091166174
9610,34.4475845779
9611,27.1841394289
9612,42.4129801948
9613,25.1770798005
9614,69.3286183073
9615,64.7899368975
9616,64.8840586602
9617,52.7396196032
9618,22.207762013
9619,64.7250322085
9620,35.2286927087
9621,27.2156520274
9622,68.4353853833
9623,29.5979622006
9624,60.5470780074
9625,93.7269455267
9626,52.7208069322
9627,60.035552901
9628,66.0446993718
9629,80.664694554
9630,39.0320834281
9631,13.8808804812
9632,69.6881037141
9633,44.479917105
9634,65.9711509485
9635,51.4354847619
9636,82.8359006623
9637,78.3221892063
9638,36.6084200309
9639,25.6879989394
9640,29.2211324661
9641,50.8381901417
9642,27.0020469674
9643,36.2083486797
9644,27.5401773177
9645,43.6033943867
9646,44.3056711221
9647,17.9813861513
9648,21.8990957071
9649,83.6235068876
9650,22.5478063818
9651,34.5476652381
9652,29.5913036436
9653,27.2214439774
9654,23.4715084639
9655,15.5636677273
9656,16.2741112621
9657,100.853980484
9658,24.8824773705
9659,37.9816657411
9660,37.6454304012
9661,29.3847160893
9662,65.8721163321
9663,78.8047944922
9664,61.54085903
9665,58.7860905209
9666,20.42783984
9667,37.4608969847
9668,31.9548985857
9669,22.1861215374
9670,21.4510720518
9671,52.370517774
9672,40.6948357624
9673,40.4296078453
9674,31.9742245409
9675,25.3248293426
9676,64.8732812729
9677,34.3523690157
9678,46.0939193968
9679,61.9503602486
9680,26.0212317424
9681,94.4268511711
9682,32.2068632202
9683,32.2605618638
9684,34.7777107297
9685,25.9962004329
9686,37.0231681986
9687,42.5947379543
9688,30.2460818098
9689,30.807663154
9690,31.1809429841
9691,25.9507535271
9692,51.8484308442
9693,29.9810729168
9694,23.1804092668
9695,46.194506011
9696,44.5239567482
9697,72.0828443244
9698,30.6784882998
9699,85.7178930566
9700,33.1038258877
9701,40.9655030379
9702,26.4993578363
9703,31.6894174109
9704,56.8904727978
9705,23.5144901573
9706,18.7114638875
9707,45.9583958474
9708,23.1980499472
9709,23.8027916118
9710,66.0936516661
9711,41.2064597609
9712,24.7670792717
9713,73.7006547072
9714,20.9970862362
9715,22.3509434876
9716,30.466518229
9717,25.8315424618
9718,71.3648344666
9719,27.2770364508
9720,40.3225645724
9721,14.9542101698
9722,19.1325328427
9723,23.2229401991
9724,16.5167398209
9725,25.632534062
9726,42.0386750865
9727,35.9149996693
9728,22.1273316572
9729,29.6141638827
9730,37.1096881818
9731,36.2843351422
9732,53.9629928571
9733,65.1289072367
9734,19.916298372
9735,40.6071132672
9736,19.6434811487
9737,81.88908522
9738,31.1008490085
9739,60.0339619174
9740,32.2200882912
9741,25.9036031614
9742,22.7913696607
9743,27.9948598012
9744,27.2831767273
9745,63.6090901486
9746,29.7744478615
9747,76.0778480608
9748,30.0648601368
9749,28.8070528813
9750,32.3813066782
9751,70.4024656605
9752,25.8566855703
9753,23.3334216734
9754,29.564400359
9755,80.4859592253
9756,19.7234207963
9757,52.1467348972
9758,53.9013132833
9759,26.2118951299
9760,33.0642467983
9761,19.6894327807
9762,28.8260157097
9763,29.3280477345
9764,42.3904740354
9765,20.2598344943
9766,93.7337445333
9767,12.4613113747
9768,24.6735462193
9769,26.28780343
9770,36.1725639737
9771,73.3386037822
9772,23.9862129859
9773,61.8611325902
9774,28.1341441017
9775,39.5464108247
9776,18.7614238217
9777,16.3810810652
9778,24.4021709447
9779,71.7634125222
9780,36.8410675176
9781,28.5008454295
9782,39.4600518842
9783,26.7602164332
9784,15.0190666023
9785,43.105077983
9786,29.9016947542
9787,61.5559089283
9788,28.5909802381
9789,28.8666048035
9790,66.434962283
9791,18.4495378772
9792,32.2539417633
9793,36.10489214
9794,26.9868841889
9795,53.1949604762
9796,33.3443401069
9797,52.4114026407
9798,30.9946035019
9799,56.5213606909
9800,24.3861666758
9801,20.8063866054
9802,86.4802881357
9803,49.1238602453
9804,27.5217141082
9805,68.93655021
9806,68.5832613636
9807,31.211291082
9808,25.2289616244
9809,19.0357030086
9810,24.6105679759
9811,94.0894662915
9812,44.8255898093
9813,29.5301764787
9814,28.8709877297
9815,86.999951136
9816,27.6052299236
9817,60.5826771458
9818,44.3983367965
9819,35.3928835786
9820,70.8993624775
9821,16.5260124675
9822,35.0232446459
9823,36.6251426626
9824,35.5439651111
9825,41.0824057773
9826,31.547118019
9827,21.3894186693
9828,25.6261135953
9829,31.6784420256
9830,14.848699873
9831,17.581980903
9832,27.1998277273
9833,58.2950078188
9834,21.8939546433
9835,40.2258947451
9836,32.5653979417
9837,33.4519080519
9838,23.6730027533
9839,41.6953013769
9840,30.9686930931
9841,22.9944264597
9842,21.0567998922
9843,23.6004300949
9844,19.7362841304
9845,79.0901021934
9846,33.5855736485
9847,69.4396236147
9848,42.2228237177
9849,21.9273785679
9850,31.1530760874
9851,29.5986725519
9852,23.1720513952
9853,38.5588375613
9854,29.2463075214
9855,53.2350860458
9856,33.8756403175
9857,27.4749232509
9858,46.8140725541
9859,41.2961234165
9860,54.6758078497
9861,39.9470546147
9862,58.2024195749
9863,56.9629148111
9864,22.9310604906
9865,17.7315501602
9866,21.6582222183
9867,31.6274147155
9868,21.4387142252
9869,29.7067883191
9870,26.230471895
9871,62.0683856311
9872,40.2228378524
9873,33.7704273655
9874,21.8215012624
9875,31.750098157
9876,62.9128609065
9877,73.5421598601
9878,69.325705187
9879,24.821192189
9880,17.070200013
9881,25.9407306283
9882,81.4297699972
9883,62.6847102787
9884,23.3218622582
9885,25.0905741775
9886,51.5864283511
9887,58.0331740598
9888,69.8112071898
9889,26.4933958135
9890,60.6357048511
9891,26.1693122727
9892,54.4228802864
9893,25.7590781554
9894,38.6094871429
9895,53.3381275325
9896,30.5951320261
9897,24.8757576508
9898,36.3011819301
9899,37.6290091934
9900,26.4430515434
9901,33.9871773377
9902,61.0810734055
9903,35.1084843352
9904,25.7148419817
9905,85.9254918398
9906,24.5986392139
9907,45.2945522597
9908,18.8398888939
9909,48.6423425812
9910,33.7054923485
9911,28.7369800644
9912,92.8184988307
9913,28.1874980432
9914,40.0234254651
9915,73.5762950216
9916,41.7652287557
9917,53.8085514574
9918,34.3006450479
9919,18.7727539971
9920,25.4846336892
9921,35.1937352701
9922,37.0384024981
9923,58.7991408533
9924,33.2838745171
9925,13.5722423141
9926,22.6018032662
9927,20.5126357143
9928,27.2324058003
9929,59.6587954959
9930,65.6926855872
9931,46.5070582022
9932,36.2192002518
9933,25.3532581962
9934,76.8383886588
9935,27.4764576619
9936,24.0533809403
9937,29.5754538523
9938,25.4211443403
9939,45.3969379891
9940,28.5694510245
9941,26.229555
9942,19.3576934393
9943,68.1351544671
9944,34.8963688537
9945,23.7460632143
9946,65.6836877922
9947,19.9536802852
9948,38.3828816645
9949,30.5426573607
9950,33.8997067374
9951,22.2527145556
9952,35.6241322013
9953,69.4696127417
9954,41.0105703586
9955,35.5015152551
9956,20.5909029191
9957,87.906859559
9958,90.672352927
9959,34.8769568133
9960,30.4347676088
9961,30.2196009286
9962,19.2798930897
9963,68.7507007975
9964,29.7433227707
9965,62.2626607898
9966,56.3736996268
9967,25.2515902309
9968,51.9577684993
9969,15.4922280309
9970,88.7279471902
9971,60.872516716
9972,30.5386420739
9973,29.9250234597
9974,24.4235860779
9975,78.6664427026
9976,62.9889975266
9977,17.048835293
9978,68.4740167222
9979,46.1221163802
9980,44.3885780952
9981,62.5930669986
9982,26.0791818433
9983,26.065463487
9984,27.0729770877
9985,30.1840313636
9986,64.4251616145
9987,33.1175849408
9988,68.8209138595
9989,48.704949058
9990,18.3507993146
9991,29.8369867436
9992,23.5385105358
9993,65.688203229
9994,30.1953795498
9995,98.270878858
9996,20.2764779526
9997,73.7983949512
9998,29.3788772382
9999,31.574382881
10000,30.8454725551
10001,16.323724672
10002,29.7174062339
10003,33.5981513088
10004,60.8309330014
10005,34.1112791489
10006,31.686444252
10007,26.7765599118
10008,61.0872638687
10009,22.7872512832
10010,46.8895588456
10011,39.5869531507
10012,25.878837404
10013,36.5707139481
10014,19.0058154611
10015,28.889593914
10016,35.9842016981
10017,35.9175792172
10018,32.5070804367
10019,35.5379293956
10020,24.4822592236
10021,68.1582749656
10022,18.4783711111
10023,32.7016878228
10024,46.4343675992
10025,33.653304304
10026,64.4013679406
10027,28.4252571939
10028,27.7464828931
10029,68.1407337828
10030,30.6406468579
10031,31.852866733
10032,36.4270751003
10033,67.0890841981
10034,23.4711302975
10035,47.2745317564
10036,19.0285493651
10037,31.8618508024
10038,43.4091126912
10039,27.3815138346
10040,24.8997011138
10041,26.7913439633
10042,31.3025582884
10043,12.498932684
10044,30.3368686821
10045,24.1997495556
10046,21.7051052016
10047,18.6960832413
10048,24.788641635
10049,21.0780079755
10050,29.0995980088
10051,80.0234732462
10052,34.2250185368
10053,69.9310055427
10054,39.0791974631
10055,59.3724272232
10056,62.3527362133
10057,29.2091436982
10058,28.0688441371
10059,26.2554388693
10060,27.3636047319
10061,26.458153778
10062,32.7623084127
10063,31.9054581608
10064,25.1759213738
10065,50.6297515945
10066,57.7463614461
10067,69.6138571085
10068,40.1668500688
10069,63.4961683325
10070,53.7068489524
10071,14.9640804762
10072,25.7625389278
10073,41.2123666381
10074,73.0551273382
10075,25.0185028442
10076,80.4790536813
10077,33.1139138
10078,25.6573242743
10079,65.0898298052
10080,26.7900350578
10081,102.298656947
10082,22.0871620657
10083,42.1626974896
10084,28.8460122218
10085,22.2664806093
10086,27.6880119986
10087,21.4878691847
10088,44.3625657886
10089,20.3822655003
10090,22.2740398413
10091,30.4655905498
10092,16.0739905434
10093,30.0775693302
10094,26.84511995
10095,21.7896710662
10096,27.2964586097
10097,49.6502633111
10098,35.2811009787
10099,32.9670193676
10100,59.540147619
10101,31.6046491518
10102,28.7416196412
10103,20.3658907374
10104,24.9970418175
10105,28.5211741169
10106,24.6495964216
10107,47.2030233147
10108,21.8529287486
10109,58.1677067062
10110,25.6661191632
10111,49.551794869
10112,22.2947042365
10113,42.5505350287
10114,51.0325267849
10115,46.8622408802
10116,46.6447772866
10117,28.1796808923
10118,22.6925178533
10119,25.5678912601
10120,25.8156522958
10121,71.0665162671
10122,50.678185581
10123,36.7366231275
10124,87.5065100361
10125,35.2217754863
10126,61.8391865512
10127,63.5402002453
10128,67.8402622511
10129,29.6045244371
10130,53.9308202381
10131,33.1850656806
10132,68.5159450543
10133,46.8809114494
10134,23.4634517403
10135,26.5065976118
10136,21.0254699192
10137,37.5118607091
10138,33.0157744825
10139,75.2993893795
10140,21.8360155754
10141,22.2245780485
10142,39.6016373143
10143,25.8627577288
10144,44.3182476663
10145,34.1219897563
10146,21.4747364125
10147,35.9262377273
10148,28.7854504047
10149,24.2700723016
10150,86.0727111111
10151,21.1129031224
10152,88.7461216484
10153,35.7744837256
10154,34.3954069143
10155,54.4477209841
10156,24.6856274844
10157,80.097223925
10158,29.3605035873
10159,27.8655470824
10160,35.4140390166
10161,83.3258111183
10162,41.2142921656
10163,30.4218487937
10164,34.5038723698
10165,19.3245574591
10166,41.342257196
10167,33.8859972027
10168,24.9993964785
10169,25.7589953268
10170,27.4063041657
10171,36.2869283492
10172,24.7861755972
10173,29.3900601587
10174,32.0666761383
10175,26.6360025913
10176,31.244436015
10177,39.067750845
10178,26.7695452451
10179,19.8775784161
10180,28.0758626327
10181,34.8859263246
10182,35.2438826369
10183,27.9762608349
10184,56.1117577035
10185,57.6194126437
10186,64.8358445396
10187,37.8820230949
10188,48.0666983045
10189,26.3157563746
10190,41.2057218364
10191,63.6710521321
10192,89.1044488523
10193,91.4088716179
10194,22.3793442741
10195,25.6403559452
10196,16.6736548654
10197,27.9680815935
10198,47.3582284893
10199,24.1083396554
10200,49.4498111687
10201,58.7277835649
10202,29.1006296679
10203,16.3619797619
10204,64.3334942641
10205,67.0865441991
10206,27.6091103489
10207,59.2067608369
10208,41.4913152381
10209,23.6931127358
10210,29.12361406
10211,68.8272699095
10212,26.7562955324
10213,27.1391296825
10214,45.5572809959
10215,34.5934676912
10216,66.7145805784
10217,25.5160390723
10218,38.0091413799
10219,33.3212436898
10220,23.2418958503
10221,53.6358704962
10222,89.1719874126
10223,70.7979262991
10224,37.5638906349
10225,30.7047624995
10226,19.9878127738
10227,24.0553122507
10228,28.418198671
10229,46.4843158998
10230,31.7868219026
10231,20.8277238745
10232,18.2989864805
10233,72.9747609464
10234,54.9771596644
10235,20.6806887698
10236,35.9387160306
10237,20.8109479942
10238,22.303199138
10239,32.9257021305
10240,73.2358814676
10241,50.7800975153
10242,24.3391324011
10243,46.545638999
10244,38.3767650612
10245,24.6568183925
10246,28.8977787302
10247,34.8953693074
10248,41.7576335319
10249,34.2251044763
10250,69.5709323005
10251,57.9321667721
10252,28.8648382168
10253,22.9403257885
10254,30.6289632973
10255,71.1943607143
10256,36.2275366016
10257,42.1768114752
10258,30.8473817603
10259,33.0453993932
10260,30.4339466822
10261,83.9352082323
10262,30.1088582938
10263,23.4959629316
10264,42.0211983369
10265,20.2453962302
10266,76.2641673558
10267,40.7565300025
10268,21.9868898815
10269,26.2277181429
10270,63.984147971
10271,27.9760291486
10272,32.3695975152
10273,63.9319096624
10274,64.0399555425
10275,19.9890051928
10276,26.9625418871
10277,35.1378946689
10278,43.9326028725
10279,73.3187669949
10280,16.1401665584
10281,41.9994723614
10282,17.1224627128
10283,38.0001547395
10284,24.8176671429
10285,63.3212521051
10286,36.3241555603
10287,45.4215462114
10288,73.7195496459
10289,27.5508073016
10290,40.0635033224
10291,51.0816050794
10292,19.6455950004
10293,30.7133665775
10294,28.3992775653
10295,44.5758331722
10296,53.4043549134
10297,69.4844707587
10298,39.8155739452
10299,30.4272142059
10300,23.8655240022
10301,26.038870902
10302,35.9153176622
10303,25.6585550184
10304,25.7025290051
10305,52.5526040675
10306,53.1566996786
10307,71.6524825
10308,42.7034295336
10309,52.6612952371
10310,68.9441564735
10311,98.5828009274
10312,85.0231634921
10313,19.452013189
10314,44.7146494974
10315,17.3120520919
10316,30.530658246
10317,32.0205436447
10318,61.0451970563
10319,20.7541694716
10320,27.8342009537
10321,30.7891278095
10322,26.1566653403
10323,28.1763438217
10324,61.7292162915
10325,41.6330757163
10326,36.5190578999
10327,34.4980826767
10328,30.9966405408
10329,93.02303111
10330,27.1203954185
10331,33.0019028499
10332,19.7369117808
10333,21.8478957186
10334,61.7946119183
10335,37.382841241
10336,34.3003664736
10337,34.6599978319
10338,43.1749565674
10339,64.6582677583
10340,37.894007785
10341,58.2779186165
10342,54.4520820282
10343,31.6046612577
10344,64.6008160173
10345,63.7359300235
10346,51.401765919
10347,74.7198103239
10348,22.107783918
10349,26.1159172647
10350,14.1573362063
10351,42.9838657517
10352,57.9490873682
10353,33.1717809335
10354,33.045517688
10355,92.2947861726
10356,73.126509027
10357,65.686722689
10358,20.5982374364
10359,27.2868507837
10360,33.8857293092
10361,57.54746868
10362,18.8524075118
10363,95.9211477778
10364,31.3157064863
10365,59.7789799451
10366,21.3632918571
10367,30.5370904401
10368,95.0580625924
10369,28.1723167302
10370,33.3648636343
10371,37.5105655539
10372,38.8130638491
10373,37.0138580539
10374,25.7060037255
10375,19.903123
10376,68.4035583418
10377,64.9800082973
10378,74.8548619763
10379,34.9228727401
10380,29.5832633129
10381,60.6431657656
10382,26.2102037442
10383,68.7875103814
10384,25.6775343074
10385,49.2329983014
10386,24.5392775613
10387,31.5938142952
10388,37.3110670851
10389,24.5815013011
10390,30.9248513626
10391,88.4276101057
10392,30.9883617172
10393,88.1367553474
10394,66.4747093651
10395,75.4121509993
10396,73.6177161228
10397,29.5248461011
10398,22.0537167159
10399,34.281528134
10400,28.1047250982
10401,30.5871059464
10402,35.6273285256
10403,15.0600705321
10404,30.5813958557
10405,51.3167509524
10406,31.8938804888
10407,28.2218034418
10408,29.6159272292
10409,45.2260379125
10410,71.1522632116
10411,33.2098085672
10412,57.4224796253
10413,25.7249645207
10414,21.1942059218
10415,23.8690062343
10416,26.6075845421
10417,29.65025671
10418,27.9276497835
10419,59.1727077704
10420,23.7329773402
10421,25.0626938374
10422,39.5135620519
10423,17.7329747134
10424,22.6401490423
10425,34.8227400902
10426,58.6504961158
10427,28.1298148375
10428,52.9612137174
10429,28.3134481818
10430,38.619218545
10431,39.1730629079
10432,46.4909256696
10433,33.4426568077
10434,28.4005894772
10435,19.7453929251
10436,25.1342296537
10437,36.4416790264
10438,24.069049736
10439,21.159799228
10440,21.5381750693
10441,80.1113103175
10442,30.6360998268
10443,33.1002463211
10444,27.4235548143
10445,19.3507399972
10446,37.1394824589
10447,34.2869663686
10448,28.3062592999
10449,26.2700190722
10450,33.8596887306
10451,47.5007665584
10452,27.2048837468
10453,18.6337254931
10454,33.0343401256
10455,23.9693640606
10456,73.1934680805
10457,39.2154361882
10458,24.9367971457
10459,52.0341981274
10460,29.5756329445
10461,36.6190251326
10462,26.1735339462
10463,30.6207070014
10464,34.6640260823
10465,71.1803451587
10466,27.3644956465
10467,29.9665185381
10468,29.8364021981
10469,22.411225726
10470,35.5069962666
10471,46.7566582291
10472,23.9374731617
10473,64.2547404473
10474,35.1088093853
10475,68.9326481926
10476,26.0405689544
10477,29.2918120298
10478,26.9478234118
10479,86.6221456754
10480,63.4580531541
10481,34.3427794893
10482,46.2507106118
10483,67.7008461328
10484,15.4647169808
10485,34.1619171173
10486,27.1361366569
10487,33.0984849794
10488,35.5486454399
10489,26.8992162698
10490,22.4995369354
10491,28.192105014
10492,34.8789128139
10493,59.1875972477
10494,24.3906445672
10495,59.1150503608
10496,33.5243426716
10497,25.1251505123
10498,16.9302726291
10499,41.9445231851
10500,80.8240342857
10501,26.1464998811
10502,17.8542546347
10503,32.4036500072
10504,87.0960515584
10505,51.0708860087
10506,81.6936837893
10507,23.124217544
10508,33.7422718789
10509,28.2117017511
10510,32.7016878228
10511,66.5305004324
10512,18.0560021717
10513,32.6948357947
10514,60.6057087556
10515,50.0921875494
10516,67.0776359655
10517,31.0989033609
10518,40.024689319
10519,41.511806047
10520,55.7788198759
10521,35.7760193575
10522,37.8964514719
10523,72.2526151438
10524,67.0548370832
10525,19.6854892315
10526,88.4006168835
10527,33.6631306677
10528,25.9397725108
10529,15.2814737157
10530,43.7683270058
10531,29.7388108303
10532,48.094038026
10533,66.200707944
10534,22.653718819
10535,27.9266252567
10536,24.612535202
10537,28.4787141285
10538,27.6746291067
10539,51.3519118877
10540,16.2847978433
10541,57.4576364943
10542,65.7838370196
10543,27.2306852127
10544,57.0438161034
10545,27.2511073276
10546,27.4073642816
10547,27.8101271934
10548,33.7688527273
10549,32.8735022193
10550,37.517644021
10551,24.6458484394
10552,28.215579421
10553,51.8933610173
10554,15.2670341392
10555,54.3946328296
10556,40.6704381555
10557,34.2248677532
10558,25.1294456
10559,38.1221350896
10560,89.4989516412
10561,40.9195591654
10562,28.7085418753
10563,44.4614007426
10564,54.397665119
10565,33.2948084523
10566,25.1963328212
10567,28.325239982
10568,27.9630028671
10569,79.5881045238
10570,26.8837683468
10571,57.4576364943
10572,14.7415326485
10573,43.6700524142
10574,54.155752482
10575,31.9241634774
10576,66.8430702113
10577,55.6475071648
10578,31.7990840763
10579,28.0539089206
10580,26.1276817071
10581,26.2439655155
10582,35.3525065619
10583,22.8054236215
10584,25.2709504628
10585,29.8718163492
10586,70.130586774
10587,30.2610330297
10588,30.736605248
10589,22.2074535714
10590,29.2026900687
10591,30.9068578543
10592,87.5715675208
10593,65.8625948733
10594,27.3322709985
10595,43.2555112787
10596,64.3226915758
10597,32.6227739683
10598,20.6730788384
10599,38.7162376739
10600,23.2145539927
10601,26.3063845296
10602,24.1702187569
10603,47.6158258884
10604,38.0823333297
10605,82.7976185714
10606,27.8389291562
10607,20.142419106
10608,33.6918064757
10609,16.5237851474
10610,32.5757814601
10611,31.6307981886
10612,18.8426944689
10613,26.5102410885
10614,46.069990739
10615,19.9218297999
10616,39.5228173934
10617,19.2767706979
10618,18.782695939
10619,16.5407488046
10620,70.235282412
10621,27.4831894513
10622,27.370743759
10623,28.6036746804
10624,32.4590151692
10625,64.9923176299
10626,31.8017902482
10627,28.0345090485
10628,23.1650591586
10629,26.4139428509
10630,22.9144637609
10631,41.3263002384
10632,80.1478959566
10633,48.1411289394
10634,31.7308143003
10635,73.7741817316
10636,60.9480265368
10637,36.0556685715
10638,25.5597993773
10639,66.1771924298
10640,34.8725237873
10641,36.2153377602
10642,25.2690007086
10643,50.3586893447
10644,29.6449102318
10645,38.4108704055
10646,18.0518905556
10647,23.3140675221
10648,70.671444884
10649,40.9041880303
10650,40.4229967085
10651,85.4557547497
10652,34.1651285401
10653,31.6491576991
10654,21.2877435069
10655,48.2651537374
10656,35.8660811977
10657,23.9046460955
10658,15.3727631363
10659,30.249573153
10660,22.50926941
10661,59.0250225037
10662,21.9330053497
10663,59.724431839
10664,27.9618606719
10665,35.6258891919
10666,19.5358701843
10667,67.240268254
10668,57.5789977045
10669,61.989391927
10670,55.9030653968
10671,16.3399221645
10672,31.1192260922
10673,24.4332502936
10674,40.6911504185
10675,38.0702566797
10676,63.0193881127
10677,32.9597530086
10678,27.8402599447
10679,21.3683340057
10680,25.3934182764
10681,28.9335137838
10682,38.6263574633
10683,77.5240158369
10684,17.3855277078
10685,24.3639494545
10686,32.947451644
10687,29.5773156703
10688,59.1028337739
10689,32.4848108092
10690,21.5196885033
10691,24.7706824626
10692,35.5117940404
10693,31.5108946427
10694,34.1797553002
10695,44.2136440815
10696,49.3705690332
10697,30.0409951913
10698,29.6135232828
10699,48.902306544
10700,25.1197781342
10701,36.7208593239
10702,19.4514721637
10703,15.1131987463
10704,28.374620697
10705,66.6093326316
10706,70.8236963492
10707,25.0463039602
10708,28.566309209
10709,20.6610991126
10710,30.1554237191
10711,78.0996598052
10712,72.0578074897
10713,27.2360602453
10714,35.5134028949
10715,52.3281036609
10716,16.3461475059
10717,34.4128276638
10718,78.027466941
10719,88.2688157657
10720,27.0143227417
10721,28.4538923637
10722,31.6801199935
10723,98.4159431799
10724,36.5781131867
10725,40.0091634033
10726,51.6076670174
10727,47.1212251086
10728,73.7205188378
10729,38.189979551
10730,41.2173125102
10731,68.2469103102
10732,50.947159413
10733,31.9964749915
10734,80.5204681389
10735,29.7508311624
10736,24.3107042127
10737,30.9225291885
10738,60.6763407006
10739,27.6759567193
10740,66.8253606524
10741,23.9467519408
10742,18.5329538915
10743,65.7453529851
10744,39.0080735811
10745,37.0051533425
10746,25.1701693018
10747,35.4163097157
10748,44.5891522199
10749,26.6863950235
10750,38.1006818877
10751,26.1127289039
10752,56.4014052381
